學校代碼,學校名稱,日間∕進修別,等級別,總計,男生計,女生計,一年級男生,一年級女生,二年級男生,二年級女生,三年級男生,三年級女生,四年級男生,四年級女生,五年級男生,五年級女生,六年級男生,六年級女生,七年級男生,七年級女生,延修生男生,延修生女生,縣市名稱,體系別
1,國立政治大學,D 日,D 博士,922,530,392,78,63,88,67,81,66,72,61,70,50,66,45,75,40, -, -,30 臺北市,1 一般
1,國立政治大學,D 日,M 碩士,"4,203","1,907","2,296",663,823,611,733,352,441,279,297,2,2, -, -, -, -, -, -,30 臺北市,1 一般
1,國立政治大學,D 日,B 學士,"9,732","3,976","5,756",875,"1,388",927,"1,351",923,"1,273",915,"1,314", -, -, -, -, -, -,336,430,30 臺北市,1 一般
1,國立政治大學,N 職,M 碩士,"1,870",921,949,278,292,278,319,193,179,103,97,68,61,1,1, -, -, -, -,30 臺北市,1 一般
2,國立清華大學,D 日,D 博士,"1,669","1,169",500,227,97,215,102,178,72,185,67,139,67,94,41,131,54, -, -,18 新竹市,1 一般
2,國立清華大學,D 日,M 碩士,"5,859","3,551","2,308","1,430",848,"1,332",832,552,350,230,252,4,19,3,6, -,1, -, -,18 新竹市,1 一般
2,國立清華大學,D 日,B 學士,"9,118","4,957","4,161","1,248","1,072","1,249",968,"1,123","1,001","1,062",924, -, -, -, -, -, -,275,196,18 新竹市,1 一般
2,國立清華大學,D 日,X 4+X,1,1, -,1, -, -, -, -, -, -, -, -, -, -, -, -, -, -, -,18 新竹市,1 一般
2,國立清華大學,N 職,M 碩士,"1,387",511,876,184,286,201,247,57,134,31,109,26,54,1,12,11,34, -, -,18 新竹市,1 一般
3,國立臺灣大學,D 日,D 博士,"3,629","2,444","1,185",437,222,466,237,418,196,367,153,237,134,213,117,306,126, -, -,30 臺北市,1 一般
3,國立臺灣大學,D 日,M 碩士,"11,096","6,651","4,445","2,650","1,751","2,528","1,608",955,615,518,471, -, -, -, -, -, -, -, -,30 臺北市,1 一般
3,國立臺灣大學,D 日,B 學士,"17,074","9,514","7,560","2,155","1,734","2,224","1,729","2,023","1,689","2,035","1,617",202,128,170,94, -, -,705,569,30 臺北市,1 一般
3,國立臺灣大學,N 職,M 碩士,"1,623","1,003",620,316,222,344,221,183,98,59,41,49,24,52,14, -, -, -, -,30 臺北市,1 一般
4,國立臺灣師範大學,D 日,D 博士,"1,326",632,694,111,117,113,107,82,125,90,101,72,83,96,94,68,67, -, -,30 臺北市,3 師範
4,國立臺灣師範大學,D 日,M 碩士,"4,360","1,903","2,457",675,817,621,820,367,489,240,331, -, -, -, -, -, -, -, -,30 臺北市,3 師範
4,國立臺灣師範大學,D 日,B 學士,"8,394","3,810","4,584",921,"1,088",931,"1,091",841,"1,079",817,"1,019", -, -, -, -, -, -,300,307,30 臺北市,3 師範
4,國立臺灣師範大學,N 職,M 碩士,"2,182",650,"1,532",232,511,166,442,105,290,85,147,38,91,24,51, -, -, -, -,30 臺北市,3 師範
5,國立成功大學,D 日,D 博士,"1,857","1,231",626,233,116,220,124,218,110,206,102,148,65,104,58,102,51, -, -,21 臺南市,1 一般
5,國立成功大學,D 日,M 碩士,"7,425","4,776","2,649","2,046","1,114","2,023","1,071",494,301,203,148,10,13, -,2, -, -, -, -,21 臺南市,1 一般
5,國立成功大學,D 日,B 學士,"12,010","7,406","4,604","1,790","1,113","1,833","1,100","1,613","1,057","1,632","1,008",91,65,59,42, -, -,388,219,21 臺南市,1 一般
5,國立成功大學,N 職,M 碩士,"1,533",932,601,297,219,279,200,183,105,107,50,62,27,3, -,1, -, -, -,21 臺南市,1 一般
6,國立中興大學,D 日,D 博士,969,655,314,89,58,113,70,103,40,100,43,88,40,70,27,92,36, -, -,19 臺中市,1 一般
6,國立中興大學,D 日,M 碩士,"3,668","2,170","1,498",943,632,877,611,253,173,94,77,3,5, -, -, -, -, -, -,19 臺中市,1 一般
6,國立中興大學,D 日,B 學士,"8,201","4,643","3,558","1,108",877,"1,131",829,"1,106",844,"1,078",862,30,45, -, -, -, -,190,101,19 臺中市,1 一般
6,國立中興大學,N 職,M 碩士,"1,733","1,114",619,381,243,373,200,161,93,110,49,89,34, -, -, -, -, -, -,19 臺中市,1 一般
6,國立中興大學,P 進,B 學士,892,399,493,92,135,91,112,88,109,87,90,34,37, -, -, -, -,7,10,19 臺中市,1 一般
7,國立陽明交通大學,D 日,D 博士,"2,613","1,790",823,309,154,324,155,265,144,270,132,235,87,170,70,217,81, -, -,18 新竹市,1 一般
7,國立陽明交通大學,D 日,M 碩士,"7,617","4,791","2,826","1,804","1,169","1,785","1,048",924,428,276,173,1,7,1,1, -, -, -, -,18 新竹市,1 一般
7,國立陽明交通大學,D 日,B 學士,"8,605","5,489","3,116","1,197",709,"1,286",686,"1,228",698,"1,233",743,165,96,147,97,6,2,227,85,18 新竹市,1 一般
7,國立陽明交通大學,N 職,M 碩士,"1,872","1,173",699,377,257,360,229,187,108,139,68,110,37, -, -, -, -, -, -,18 新竹市,1 一般
8,國立中央大學,D 日,D 博士,"1,025",713,312,131,68,125,52,115,45,100,43,86,33,74,39,82,32, -, -,03 桃園市,1 一般
8,國立中央大學,D 日,M 碩士,"3,650","2,439","1,211","1,052",533,"1,028",477,256,121,90,71,13,9, -, -, -, -, -, -,03 桃園市,1 一般
8,國立中央大學,D 日,B 學士,"6,154","3,823","2,331",975,583,981,567,890,596,851,509, -, -, -, -, -, -,126,76,03 桃園市,1 一般
8,國立中央大學,N 職,M 碩士,"1,465",923,542,347,227,318,215,137,56,68,27,46,12,7,5, -, -, -, -,03 桃園市,1 一般
9,國立中山大學,D 日,D 博士,854,558,296,114,66,107,63,93,55,77,38,71,39,50,21,46,14, -, -,50 高雄市,1 一般
9,國立中山大學,D 日,M 碩士,"3,402","2,072","1,330",857,538,796,490,298,209,121,93, -, -, -, -, -, -, -, -,50 高雄市,1 一般
9,國立中山大學,D 日,B 學士,"4,945","2,976","1,969",746,486,726,471,695,440,644,458, -, -, -, -, -, -,165,114,50 高雄市,1 一般
9,國立中山大學,N 職,M 碩士,"1,095",537,558,197,202,170,208,78,70,60,41,17,19,15,18, -, -, -, -,50 高雄市,1 一般
12,國立臺灣海洋大學,D 日,D 博士,328,240,88,36,16,34,18,45,13,41,20,23,7,21,6,40,8, -, -,17 基隆市,1 一般
12,國立臺灣海洋大學,D 日,M 碩士,"1,478",976,502,436,223,343,173,123,54,49,32,14,9,11,8, -,3, -, -,17 基隆市,1 一般
12,國立臺灣海洋大學,D 日,B 學士,"6,094","4,188","1,906","1,029",446,983,472,"1,002",479,927,466, -, -, -, -, -, -,247,43,17 基隆市,1 一般
12,國立臺灣海洋大學,N 職,M 碩士,670,395,275,138,108,145,93,48,35,34,21,12,11,3,3,15,4, -, -,17 基隆市,1 一般
12,國立臺灣海洋大學,P 進,B 學士,597,390,207,154,52,111,42,54,49,58,35, -, -, -, -, -, -,13,29,17 基隆市,1 一般
13,國立中正大學,D 日,D 博士,558,356,202,59,42,58,34,47,28,59,35,43,23,36,18,54,22, -, -,10 嘉義縣,1 一般
13,國立中正大學,D 日,M 碩士,"2,858","1,685","1,173",670,468,658,411,221,163,129,118,7,13, -, -, -, -, -, -,10 嘉義縣,1 一般
13,國立中正大學,D 日,B 學士,"6,558","3,537","3,021",884,766,904,761,829,738,788,683, -, -, -, -, -, -,132,73,10 嘉義縣,1 一般
13,國立中正大學,N 職,M 碩士,"1,399",582,817,205,297,184,265,90,115,55,92,46,48,2, -, -, -, -, -,10 嘉義縣,1 一般
14,國立高雄師範大學,D 日,D 博士,445,214,231,32,41,32,37,29,34,27,33,28,21,22,26,44,39, -, -,50 高雄市,3 師範
14,國立高雄師範大學,D 日,M 碩士,"1,519",556,963,173,308,172,253,96,196,77,142,23,39,10,14,5,11, -, -,50 高雄市,3 師範
14,國立高雄師範大學,D 日,B 學士,"3,870","1,915","1,955",496,464,471,458,441,508,439,450, -, -, -, -, -, -,68,75,50 高雄市,3 師範
14,國立高雄師範大學,N 職,M 碩士,"1,385",497,888,163,253,165,316,97,156,27,80,17,35,28,48, -, -, -, -,50 高雄市,3 師範
15,國立彰化師範大學,D 日,D 博士,488,288,200,46,29,36,34,52,26,37,33,46,28,29,30,42,20, -, -,07 彰化縣,3 師範
15,國立彰化師範大學,D 日,M 碩士,"1,686",837,849,340,301,281,265,129,143,84,125,3,9, -,6, -, -, -, -,07 彰化縣,3 師範
15,國立彰化師範大學,D 日,B 學士,"4,988","2,710","2,278",669,556,624,570,648,543,633,551, -, -, -, -, -, -,136,58,07 彰化縣,3 師範
15,國立彰化師範大學,N 職,M 碩士,"1,364",556,808,213,251,184,227,58,106,40,95,34,71,27,58, -, -, -, -,07 彰化縣,3 師範
17,國立臺北大學,D 日,D 博士,202,137,65,22,9,25,8,24,15,25,11,18,7,8,9,15,6, -, -,01 新北市,1 一般
17,國立臺北大學,D 日,M 碩士,"1,506",742,764,277,294,249,276,116,96,98,88,2,10, -, -, -, -, -, -,01 新北市,1 一般
17,國立臺北大學,D 日,B 學士,"5,959","2,743","3,216",671,760,694,769,657,780,628,789, -, -, -, -, -, -,93,118,01 新北市,1 一般
17,國立臺北大學,N 職,M 碩士,639,307,332,115,127,112,118,45,46,21,28,14,13, -, -, -, -, -, -,01 新北市,1 一般
17,國立臺北大學,P 進,B 學士,"1,971",816,"1,155",215,273,208,290,188,273,148,261, -, -, -, -, -, -,57,58,01 新北市,1 一般
18,國立嘉義大學,D 日,D 博士,197,116,81,19,16,22,11,15,16,17,12,15,5,15,4,13,17, -, -,20 嘉義市,1 一般
18,國立嘉義大學,D 日,M 碩士,"1,210",553,657,170,247,195,201,109,110,79,99, -, -, -, -, -, -, -, -,20 嘉義市,1 一般
18,國立嘉義大學,D 日,B 學士,"7,338","3,801","3,537",930,778,947,955,935,848,849,872,23,25, -, -, -, -,117,59,20 嘉義市,1 一般
18,國立嘉義大學,N 職,M 碩士,910,349,561,108,155,110,205,63,98,68,103, -, -, -, -, -, -, -, -,20 嘉義市,1 一般
18,國立嘉義大學,P 進,B 學士,"1,831","1,128",703,275,181,273,167,255,162,253,156, -, -, -, -, -, -,72,37,20 嘉義市,1 一般
19,國立高雄大學,D 日,D 博士,30,26,4,5,1,4,1,3,2,5, -,4, -,2, -,3, -, -, -,50 高雄市,1 一般
19,國立高雄大學,D 日,M 碩士,701,437,264,171,108,152,87,75,36,38,29,1,4, -, -, -, -, -, -,50 高雄市,1 一般
19,國立高雄大學,D 日,B 學士,"4,592","2,684","1,908",662,451,643,468,641,481,612,443,15,16, -, -, -, -,111,49,50 高雄市,1 一般
19,國立高雄大學,N 職,M 碩士,539,340,199,114,61,105,69,43,25,43,18,16,11,17,13,2,2, -, -,50 高雄市,1 一般
19,國立高雄大學,N 修,C 二技,124,58,66, -, -, -, -,24,24,12,23, -, -, -, -, -, -,22,19,50 高雄市,2 技職
20,國立東華大學,D 日,D 博士,421,240,181,40,38,40,38,31,34,38,22,32,21,17,14,42,14, -, -,15 花蓮縣,1 一般
20,國立東華大學,D 日,M 碩士,"1,443",689,754,233,282,233,206,106,114,88,112,19,20,10,20, -, -, -, -,15 花蓮縣,1 一般
20,國立東華大學,D 日,B 學士,"7,878","3,745","4,133",854,953,915,"1,041",875,999,835,933, -, -, -, -, -, -,266,207,15 花蓮縣,1 一般
20,國立東華大學,N 職,M 碩士,538,196,342,60,106,63,101,30,65,22,34,15,25,6,11, -, -, -, -,15 花蓮縣,1 一般
21,國立暨南國際大學,D 日,D 博士,354,179,175,33,43,33,27,26,20,25,25,23,19,20,16,19,25, -, -,08 南投縣,1 一般
21,國立暨南國際大學,D 日,M 碩士,867,375,492,149,172,116,147,57,66,44,85,5,11,4,11, -, -, -, -,08 南投縣,1 一般
21,國立暨南國際大學,D 日,B 學士,"4,666","2,268","2,398",585,591,602,622,517,562,473,532, -, -, -, -, -, -,91,91,08 南投縣,1 一般
21,國立暨南國際大學,N 職,M 碩士,494,180,314,70,112,56,96,23,50,16,27,7,16,8,13, -, -, -, -,08 南投縣,1 一般
22,國立臺灣科技大學,D 日,D 博士,"1,075",808,267,207,80,175,65,149,50,114,29,68,16,48,18,47,9, -, -,30 臺北市,2 技職
22,國立臺灣科技大學,D 日,M 碩士,"4,055","2,814","1,241","1,341",617,"1,165",495,241,98,67,31, -, -, -, -, -, -, -, -,30 臺北市,2 技職
22,國立臺灣科技大學,D 日,B 四技,"5,632","3,929","1,703",992,405,951,414,942,401,871,389, -, -, -, -, -, -,173,94,30 臺北市,2 技職
22,國立臺灣科技大學,D 日,C 二技,50,9,41, -, -, -, -,1,17,4,23, -, -, -, -, -, -,4,1,30 臺北市,2 技職
22,國立臺灣科技大學,N 職,M 碩士,836,513,323,230,141,176,130,59,31,46,19,2,2, -, -, -, -, -, -,30 臺北市,2 技職
23,國立雲林科技大學,D 日,D 博士,433,269,164,65,29,48,26,53,38,31,16,28,19,15,21,29,15, -, -,09 雲林縣,2 技職
23,國立雲林科技大學,D 日,M 碩士,"2,018","1,258",760,550,327,510,278,145,112,53,43, -, -, -, -, -, -, -, -,09 雲林縣,2 技職
23,國立雲林科技大學,D 日,B 四技,"6,347","3,908","2,439",962,622,990,573,960,578,876,589, -, -, -, -, -, -,120,77,09 雲林縣,2 技職
23,國立雲林科技大學,D 日,C 二技,187,75,112, -, -, -, -,40,51,31,53, -, -, -, -, -, -,4,8,09 雲林縣,2 技職
23,國立雲林科技大學,N 職,M 碩士,815,480,335,184,144,172,119,78,36,32,27,14,9, -, -, -, -, -, -,09 雲林縣,2 技職
23,國立雲林科技大學,N 修,B 四技,227,98,129,25,33,36,35,21,34,14,25, -, -, -, -, -, -,2,2,09 雲林縣,2 技職
24,國立屏東科技大學,D 日,D 博士,254,158,96,32,16,29,23,25,13,24,16,16,9,15,7,17,12, -, -,13 屏東縣,2 技職
24,國立屏東科技大學,D 日,M 碩士,"1,150",655,495,286,208,250,185,84,78,31,19,4,3, -,2, -, -, -, -,13 屏東縣,2 技職
24,國立屏東科技大學,D 日,B 四技,"7,627","4,145","3,482","1,055",828,"1,023",821,944,834,904,860,29,45, -, -, -, -,190,94,13 屏東縣,2 技職
24,國立屏東科技大學,N 職,M 碩士,281,172,109,72,54,62,39,25,8,6,5,1,3,6, -, -, -, -, -,13 屏東縣,2 技職
24,國立屏東科技大學,N 修,B 四技,"1,318",855,463,176,90,225,113,214,109,189,121, -, -, -, -, -, -,51,30,13 屏東縣,2 技職
25,國立臺北科技大學,D 日,D 博士,737,554,183,84,34,98,33,89,37,89,21,67,18,43,10,84,30, -, -,30 臺北市,2 技職
25,國立臺北科技大學,D 日,M 碩士,"3,376","2,417",959,"1,060",421,"1,028",400,256,97,73,41, -, -, -, -, -, -, -, -,30 臺北市,2 技職
25,國立臺北科技大學,D 日,B 四技,"6,308","4,432","1,876","1,034",489,"1,095",442,"1,074",420,"1,063",453, -, -, -, -, -, -,166,72,30 臺北市,2 技職
25,國立臺北科技大學,D 日,C 二技,37,20,17, -, -, -, -,7,7,11,9, -, -, -, -, -, -,2,1,30 臺北市,2 技職
25,國立臺北科技大學,D 日,5 五專,150,123,27,30,6,22,3,27,4,21,8,23,6, -, -, -, -, -, -,30 臺北市,2 技職
25,國立臺北科技大學,N 職,M 碩士,"1,586","1,079",507,389,192,333,187,182,72,90,27,52,19,31,8,2,2, -, -,30 臺北市,2 技職
25,國立臺北科技大學,N 修,B 四技,"1,438","1,202",236,189,32,248,62,349,70,369,61, -, -, -, -, -, -,47,11,30 臺北市,2 技職
25,國立臺北科技大學,N 修,C 二技,1,1, -, -, -, -, -, -, -, -, -, -, -, -, -, -, -,1, -,30 臺北市,2 技職
28,國立臺北藝術大學,D 日,D 博士,109,46,63,9,11,8,10,7,7,12,15,2,10,5,5,3,5, -, -,30 臺北市,1 一般
28,國立臺北藝術大學,D 日,M 碩士,"1,011",357,654,113,193,84,180,88,155,72,126, -, -, -, -, -, -, -, -,30 臺北市,1 一般
28,國立臺北藝術大學,D 日,B 學士,"1,797",649,"1,148",145,261,145,265,135,243,140,242, -, -, -, -, -, -,84,137,30 臺北市,1 一般
28,國立臺北藝術大學,D 日,5 七年,85,41,44,13,14,13,15,15,15, -, -, -, -, -, -, -, -, -, -,30 臺北市,1 一般
28,國立臺北藝術大學,N 職,M 碩士,177,58,119,21,32,15,37,5,23,12,18,5,9, -, -, -, -, -, -,30 臺北市,1 一般
29,國立臺灣藝術大學,D 日,D 博士,152,71,81,24,11,15,13,10,19,7,17,5,9,6,6,4,6, -, -,01 新北市,1 一般
29,國立臺灣藝術大學,D 日,M 碩士,773,274,499,79,153,81,147,69,123,45,76, -, -, -, -, -, -, -, -,01 新北市,1 一般
29,國立臺灣藝術大學,D 日,B 學士,"2,374",669,"1,705",153,433,158,365,155,372,140,389, -, -, -, -, -, -,63,146,01 新北市,1 一般
29,國立臺灣藝術大學,N 職,M 碩士,386,168,218,42,57,37,63,36,47,24,38,18,7,11,6, -, -, -, -,01 新北市,1 一般
29,國立臺灣藝術大學,N 修,C 二技,346,87,259, -, -, -, -,35,113,39,97, -, -, -, -, -, -,13,49,01 新北市,2 技職
29,國立臺灣藝術大學,P 進,B 學士,"1,583",487,"1,096",116,247,108,264,108,224,103,245, -, -, -, -, -, -,52,116,01 新北市,1 一般
30,國立臺東大學,D 日,D 博士,47,20,27,3,7,3,4,5,4,2,1,3,5,1,2,3,4, -, -,14 臺東縣,1 一般
30,國立臺東大學,D 日,M 碩士,389,154,235,47,66,52,85,26,46,23,26,5,11,1,1, -, -, -, -,14 臺東縣,1 一般
30,國立臺東大學,D 日,B 學士,"3,668","1,837","1,831",447,424,447,470,431,451,408,424, -, -, -, -, -, -,104,62,14 臺東縣,1 一般
30,國立臺東大學,N 職,M 碩士,627,165,462,38,170,64,147,34,62,15,38,6,17,3,18,5,10, -, -,14 臺東縣,1 一般
30,國立臺東大學,N 修,C 二技,121,45,76, -, -, -, -,22,43,23,33, -, -, -, -, -, -, -, -,14 臺東縣,2 技職
30,國立臺東大學,P 進,B 學士,247,107,140,21,31,37,50,18,32,26,25, -, -, -, -, -, -,5,2,14 臺東縣,1 一般
31,國立宜蘭大學,D 日,D 博士,15,10,5,2,1,4,1, -, -,3,1,1,1, -, -, -,1, -, -,02 宜蘭縣,1 一般
31,國立宜蘭大學,D 日,M 碩士,521,345,176,142,78,128,58,53,23,18,12,3,3,1,2, -, -, -, -,02 宜蘭縣,1 一般
31,國立宜蘭大學,D 日,B 學士,"4,488","2,835","1,653",716,404,767,430,634,389,619,400, -, -, -, -, -, -,99,30,02 宜蘭縣,1 一般
31,國立宜蘭大學,N 職,M 碩士,214,153,61,55,27,53,23,16,6,16,1,7,3,5,1,1, -, -, -,02 宜蘭縣,1 一般
31,國立宜蘭大學,P 進,B 學士,403,264,139,68,27,65,28,53,39,54,40, -, -, -, -, -, -,24,5,02 宜蘭縣,1 一般
32,國立聯合大學,D 日,D 博士,18,15,3,1,2,4, -,2,1,3, -,1, -,2, -,2, -, -, -,05 苗栗縣,1 一般
32,國立聯合大學,D 日,M 碩士,413,290,123,115,55,112,41,41,20,21,7, -, -,1, -, -, -, -, -,05 苗栗縣,1 一般
32,國立聯合大學,D 日,B 學士,"6,122","4,264","1,858","1,060",441,"1,073",474,983,477,957,421,18,15, -, -, -, -,173,30,05 苗栗縣,1 一般
32,國立聯合大學,N 職,M 碩士,43,22,21,10,13,11,8, -, -,1, -, -, -, -, -, -, -, -, -,05 苗栗縣,1 一般
32,國立聯合大學,P 進,B 學士,"1,053",751,302,223,72,169,74,130,59,158,79, -, -, -, -, -, -,71,18,05 苗栗縣,1 一般
33,國立虎尾科技大學,D 日,D 博士,57,48,9,8,5,9,2,10,1,7, -,8, -,4, -,2,1, -, -,09 雲林縣,2 技職
33,國立虎尾科技大學,D 日,M 碩士,"1,014",830,184,372,93,351,67,84,18,23,6, -, -, -, -, -, -, -, -,09 雲林縣,2 技職
33,國立虎尾科技大學,D 日,B 四技,"7,441","5,726","1,715","1,526",405,"1,436",442,"1,319",435,"1,279",414, -, -, -, -, -, -,166,19,09 雲林縣,2 技職
33,國立虎尾科技大學,D 日,C 二技,247,192,55, -, -, -, -,94,29,91,25, -, -, -, -, -, -,7,1,09 雲林縣,2 技職
33,國立虎尾科技大學,D 日,2 二專,70,69,1,31,1,33, -, -, -, -, -, -, -, -, -, -, -,5, -,09 雲林縣,2 技職
33,國立虎尾科技大學,D 日,5 五專,317,275,42,69,13,61,10,73,9,31,4,41,6, -, -, -, -, -, -,09 雲林縣,2 技職
33,國立虎尾科技大學,N 職,M 碩士,191,138,53,47,26,54,19,24,2,9,2,4,3, -,1, -, -, -, -,09 雲林縣,2 技職
33,國立虎尾科技大學,N 修,B 四技,"2,194","1,792",402,477,106,476,91,358,90,414,97, -, -, -, -, -, -,67,18,09 雲林縣,2 技職
33,國立虎尾科技大學,N 修,C 二技,151,100,51, -, -, -, -,57,25,41,25, -, -, -, -, -, -,2,1,09 雲林縣,2 技職
35,國立臺南藝術大學,D 日,D 博士,62,25,37,2,11,8,9,5,7,3,2,4,3,1,1,2,4, -, -,11 臺南市,1 一般
35,國立臺南藝術大學,D 日,M 碩士,579,225,354,67,96,67,94,42,80,48,79,1,4, -, -, -,1, -, -,11 臺南市,1 一般
35,國立臺南藝術大學,D 日,B 學士,789,259,530,69,123,68,117,47,132,52,119, -, -, -, -, -, -,23,39,11 臺南市,1 一般
35,國立臺南藝術大學,D 日,5 七年,174,70,104,16,42,24,34,30,28, -, -, -, -, -, -, -, -, -, -,11 臺南市,1 一般
35,國立臺南藝術大學,N 職,M 碩士,58,14,44,2,12,6,11,4,10, -,4,1,1, -,3,1,3, -, -,11 臺南市,1 一般
36,國立臺南大學,D 日,D 博士,153,64,89,8,17,10,17,13,10,9,13,3,11,7,9,14,12, -, -,21 臺南市,1 一般
36,國立臺南大學,D 日,M 碩士,"1,002",418,584,150,186,126,168,79,113,61,103,2,12, -,2, -, -, -, -,21 臺南市,1 一般
36,國立臺南大學,D 日,B 學士,"3,902","1,833","2,069",437,470,443,543,444,494,428,507, -, -, -, -, -, -,81,55,21 臺南市,1 一般
36,國立臺南大學,N 職,M 碩士,632,205,427,77,138,59,142,29,70,24,53,13,18,3,3, -,3, -, -,21 臺南市,1 一般
36,國立臺南大學,P 進,B 學士,180,111,69,28,15,22,21,28,18,28,12, -, -, -, -, -, -,5,3,21 臺南市,1 一般
37,國立臺北教育大學,D 日,D 博士,152,64,88,7,16,6,13,4,10,10,9,6,12,8,6,23,22, -, -,30 臺北市,3 師範
37,國立臺北教育大學,D 日,M 碩士,"1,427",435,992,115,285,134,279,79,190,70,162,19,42,13,23,5,11, -, -,30 臺北市,3 師範
37,國立臺北教育大學,D 日,B 學士,"3,325","1,097","2,228",255,562,271,527,274,522,245,531, -, -, -, -, -, -,52,86,30 臺北市,3 師範
37,國立臺北教育大學,N 職,M 碩士,"1,051",247,804,81,277,94,257,30,111,31,97,1,29,10,33, -, -, -, -,30 臺北市,3 師範
39,國立臺中教育大學,D 日,D 博士,108,37,71,3,12,5,10,7,6,5,14,3,11,5,10,9,8, -, -,19 臺中市,3 師範
39,國立臺中教育大學,D 日,M 碩士,902,274,628,78,201,86,192,67,125,36,88,5,17,2,5, -, -, -, -,19 臺中市,3 師範
39,國立臺中教育大學,D 日,B 學士,"3,211","1,151","2,060",264,486,300,508,260,515,272,505, -, -, -, -, -, -,55,46,19 臺中市,3 師範
39,國立臺中教育大學,N 職,M 碩士,779,166,613,56,161,45,185,29,115,21,92,7,39,8,21, -, -, -, -,19 臺中市,3 師範
42,國立澎湖科技大學,D 日,M 碩士,80,43,37,18,16,11,11,9,6,5,4, -, -, -, -, -, -, -, -,16 澎湖縣,2 技職
42,國立澎湖科技大學,D 日,B 四技,"2,472","1,543",929,380,217,363,187,361,248,356,251, -, -, -, -, -, -,83,26,16 澎湖縣,2 技職
42,國立澎湖科技大學,D 日,5 五專,94,88,6,29,3,30, -,11, -,9,2,9,1, -, -, -, -, -, -,16 澎湖縣,2 技職
42,國立澎湖科技大學,N 職,M 碩士,41,24,17,14,9,8,7,1, -,1,1, -, -, -, -, -, -, -, -,16 澎湖縣,2 技職
42,國立澎湖科技大學,N 修,B 四技,240,113,127,28,24,21,33,24,30,33,36, -, -, -, -, -, -,7,4,16 澎湖縣,2 技職
43,國立勤益科技大學,D 日,D 博士,52,45,7,10,2,14,1,11,1,8,2,1, -,1,1, -, -, -, -,06 臺中市,2 技職
43,國立勤益科技大學,D 日,M 碩士,678,493,185,211,81,221,86,48,15,10,3,3, -, -, -, -, -, -, -,06 臺中市,2 技職
43,國立勤益科技大學,D 日,B 四技,"6,919","4,765","2,154","1,271",587,"1,188",539,"1,059",492,"1,063",497, -, -, -, -, -, -,184,39,06 臺中市,2 技職
43,國立勤益科技大學,D 日,C 二技,86,71,15, -, -, -, -,18, -,52,15, -, -, -, -, -, -,1, -,06 臺中市,2 技職
43,國立勤益科技大學,N 職,M 碩士,296,224,72,85,34,89,28,33,7,11,2,4,1,2, -, -, -, -, -,06 臺中市,2 技職
43,國立勤益科技大學,N 修,B 四技,"3,666","3,117",549,861,140,753,135,679,128,637,116, -, -, -, -, -, -,187,30,06 臺中市,2 技職
43,國立勤益科技大學,N 修,C 二技,430,335,95, -, -, -, -,159,51,165,43, -, -, -, -, -, -,11,1,06 臺中市,2 技職
43,國立勤益科技大學,N 修,2 二專,294,216,78,77,25,78,39, -, -, -, -, -, -, -, -, -, -,61,14,06 臺中市,2 技職
44,國立體育大學,D 日,D 博士,144,93,51,13,9,16,9,15,8,18,5,11,3,6,9,14,8, -, -,03 桃園市,1 一般
44,國立體育大學,D 日,M 碩士,352,183,169,57,68,63,53,42,30,21,18, -, -, -, -, -, -, -, -,03 桃園市,1 一般
44,國立體育大學,D 日,B 學士,"1,914","1,175",739,285,206,283,176,258,164,248,149, -, -, -, -, -, -,101,44,03 桃園市,1 一般
44,國立體育大學,N 職,M 碩士,221,119,102,36,45,37,31,16,19,17,4,7,3,6, -, -, -, -, -,03 桃園市,1 一般
44,國立體育大學,N 修,C 二年制,102,65,37, -, -, -, -,27,19,33,14, -, -, -, -, -, -,5,4,03 桃園市,1 一般
46,國立臺北護理健康大學,D 日,D 博士,77,8,69,2,15,1,12,2,15,1,11, -,7,2,7, -,2, -, -,30 臺北市,2 技職
46,國立臺北護理健康大學,D 日,M 碩士,547,82,465,29,160,27,134,13,113,13,58, -, -, -, -, -, -, -, -,30 臺北市,2 技職
46,國立臺北護理健康大學,D 日,B 四技,"2,854",736,"2,118",178,544,174,522,182,477,161,480, -, -, -, -, -, -,41,95,30 臺北市,2 技職
46,國立臺北護理健康大學,D 日,C 二技,906,84,822, -, -, -, -,45,411,39,406, -, -, -, -, -, -, -,5,30 臺北市,2 技職
46,國立臺北護理健康大學,N 職,M 碩士,208,31,177,12,44,9,58,6,47,4,28, -, -, -, -, -, -, -, -,30 臺北市,2 技職
46,國立臺北護理健康大學,N 修,C 二技,705,43,662, -, -, -, -,19,206,9,224,12,227, -, -, -, -,3,5,30 臺北市,2 技職
47,國立高雄餐旅大學,D 日,D 博士,31,17,14,3,2,3,4,4,2,3,4,2,1,1,1,1, -, -, -,50 高雄市,2 技職
47,國立高雄餐旅大學,D 日,M 碩士,155,53,102,18,43,22,40,10,13,2,6,1, -, -, -, -, -, -, -,50 高雄市,2 技職
47,國立高雄餐旅大學,D 日,B 四技,"2,938",955,"1,983",235,480,246,485,239,501,221,498, -, -, -, -, -, -,14,19,50 高雄市,2 技職
47,國立高雄餐旅大學,D 日,C 二技,71,26,45, -, -, -, -,16,23,8,16, -, -, -, -, -, -,2,6,50 高雄市,2 技職
47,國立高雄餐旅大學,D 日,5 五專,251,100,151,21,33,18,31,17,34,22,27,21,25, -, -, -, -,1,1,50 高雄市,2 技職
47,國立高雄餐旅大學,N 職,M 碩士,23,11,12,3,4,5,6,1,1,2,1, -, -, -, -, -, -, -, -,50 高雄市,2 技職
47,國立高雄餐旅大學,N 修,B 四技,905,334,571,66,129,108,157,79,134,78,146, -, -, -, -, -, -,3,5,50 高雄市,2 技職
47,國立高雄餐旅大學,N 修,C 二技,147,42,105, -, -, -, -,19,49,23,55, -, -, -, -, -, -, -,1,50 高雄市,2 技職
48,國立金門大學,D 日,D 博士,2,1,1,1,1, -, -, -, -, -, -, -, -, -, -, -, -, -, -,71 金門縣,1 一般
48,國立金門大學,D 日,M 碩士,222,123,99,54,53,50,32,13,9,6,5, -, -, -, -, -, -, -, -,71 金門縣,1 一般
48,國立金門大學,D 日,B 學士,"3,091","1,627","1,464",355,363,436,397,393,309,342,350,11,11, -, -, -, -,90,34,71 金門縣,1 一般
48,國立金門大學,N 職,M 碩士,85,43,42,15,22,17,17,8,3,3, -, -, -, -, -, -, -, -, -,71 金門縣,1 一般
48,國立金門大學,P 進,B 學士,775,421,354,92,99,103,79,78,87,104,68, -, -, -, -, -, -,44,21,71 金門縣,1 一般
49,國立臺灣體育運動大學,D 日,D 博士,14,6,8,2,2,2,2,2,4, -, -, -, -, -, -, -, -, -, -,19 臺中市,1 一般
49,國立臺灣體育運動大學,D 日,M 碩士,273,135,138,42,52,35,41,29,25,21,13,7,7, -, -,1, -, -, -,19 臺中市,1 一般
49,國立臺灣體育運動大學,D 日,B 學士,"2,351","1,368",983,364,236,332,215,307,246,280,231, -, -, -, -, -, -,85,55,19 臺中市,1 一般
49,國立臺灣體育運動大學,N 職,M 碩士,117,80,37,27,11,27,14,17,5,5,4,3, -,1,2, -,1, -, -,19 臺中市,1 一般
49,國立臺灣體育運動大學,P 進,B 學士,367,263,104,75,26,56,27,55,21,53,21, -, -, -, -, -, -,24,9,19 臺中市,1 一般
50,國立臺中科技大學,D 日,M 碩士,439,181,258,75,104,70,97,27,40,9,17, -, -, -, -, -, -, -, -,19 臺中市,2 技職
50,國立臺中科技大學,D 日,B 四技,"5,552","1,884","3,668",571,919,479,921,400,900,387,861, -, -, -, -, -, -,47,67,19 臺中市,2 技職
50,國立臺中科技大學,D 日,C 二技,"1,307",333,974, -, -, -, -,182,454,130,493, -, -, -, -, -, -,21,27,19 臺中市,2 技職
50,國立臺中科技大學,D 日,5 五專,"3,694","1,039","2,655",233,547,228,516,201,544,204,504,152,479, -, -, -, -,21,65,19 臺中市,2 技職
50,國立臺中科技大學,N 職,M 碩士,272,94,178,36,85,44,71,5,11,9,11, -, -, -, -, -, -, -, -,19 臺中市,2 技職
50,國立臺中科技大學,N 修,B 四技,"2,166",770,"1,396",231,403,178,295,162,311,160,321, -, -, -, -, -, -,39,66,19 臺中市,2 技職
50,國立臺中科技大學,N 修,C 二技,"1,658",513,"1,145", -, -, -, -,243,570,226,511, -, -, -, -, -, -,44,64,19 臺中市,2 技職
50,國立臺中科技大學,N 修,2 二專,"1,007",382,625,188,307,160,277, -, -, -, -, -, -, -, -, -, -,34,41,19 臺中市,2 技職
51,國立臺北商業大學,D 日,D 博士,9,8,1,3, -,2, -,1,1,2, -, -, -, -, -, -, -, -, -,30 臺北市,2 技職
51,國立臺北商業大學,D 日,M 碩士,307,122,185,70,99,43,71,7,13,2,2, -, -, -, -, -, -, -, -,30 臺北市,2 技職
51,國立臺北商業大學,D 日,B 四技,"2,439",798,"1,641",205,383,197,387,182,406,197,426, -, -, -, -, -, -,17,39,30 臺北市,2 技職
51,國立臺北商業大學,D 日,C 二技,595,126,469, -, -, -, -,61,225,58,234, -, -, -, -, -, -,7,10,30 臺北市,2 技職
51,國立臺北商業大學,D 日,5 五專,"1,755",515,"1,240",101,255,106,239,95,254,92,239,103,213, -, -, -, -,18,40,30 臺北市,2 技職
51,國立臺北商業大學,N 職,M 碩士,94,33,61,18,40,11,20,2, -,2,1, -, -, -, -, -, -, -, -,30 臺北市,2 技職
51,國立臺北商業大學,N 修,B 四技,922,356,566,95,136,93,146,86,138,66,135, -, -, -, -, -, -,16,11,30 臺北市,2 技職
51,國立臺北商業大學,N 修,C 二技,867,306,561, -, -, -, -,152,262,133,262, -, -, -, -, -, -,21,37,30 臺北市,2 技職
51,國立臺北商業大學,N 修,2 二專,302,106,196,30,53,61,126, -, -, -, -, -, -, -, -, -, -,15,17,30 臺北市,2 技職
52,國立屏東大學,D 日,D 博士,46,23,23,4,4,3,5,7,4,3,4,2,3,2,3,2, -, -, -,13 屏東縣,1 一般
52,國立屏東大學,D 日,M 碩士,912,349,563,141,186,119,171,59,116,26,87,4,3, -, -, -, -, -, -,13 屏東縣,1 一般
52,國立屏東大學,D 日,B 學士,"6,538","2,886","3,652",747,808,718,927,664,903,642,914, -, -, -, -, -, -,115,100,13 屏東縣,1 一般
52,國立屏東大學,N 職,M 碩士,711,225,486,66,126,65,142,43,95,24,50,25,69,2,3, -,1, -, -,13 屏東縣,1 一般
52,國立屏東大學,P 進,B 學士,715,339,376,64,49,93,99,94,116,64,92, -, -, -, -, -, -,24,20,13 屏東縣,1 一般
53,國立高雄科技大學,D 日,D 博士,598,444,154,91,43,77,37,69,23,78,18,47,14,45,4,37,15, -, -,50 高雄市,2 技職
53,國立高雄科技大學,D 日,M 碩士,"2,618","1,753",865,831,427,706,340,147,69,68,28,1,1, -, -, -, -, -, -,50 高雄市,2 技職
53,國立高雄科技大學,D 日,B 四技,"17,469","10,826","6,643","2,743","1,621","2,658","1,708","2,611","1,615","2,431","1,585", -, -, -, -, -, -,383,114,50 高雄市,2 技職
53,國立高雄科技大學,D 日,C 二技,430,279,151, -, -, -, -,150,64,93,73, -, -, -, -, -, -,36,14,50 高雄市,2 技職
53,國立高雄科技大學,D 日,5 五專,867,703,164,145,33,131,32,105,34,135,32,169,31, -, -, -, -,18,2,50 高雄市,2 技職
53,國立高雄科技大學,N 職,M 碩士,"2,010","1,261",749,506,331,436,305,141,63,97,25,46,15,35,10, -, -, -, -,50 高雄市,2 技職
53,國立高雄科技大學,N 修,B 四技,"3,751","2,541","1,210",561,227,582,282,555,302,589,308, -, -, -, -, -, -,254,91,50 高雄市,2 技職
53,國立高雄科技大學,N 修,C 二技,105,56,49, -, -, -, -,25,29,28,19, -, -, -, -, -, -,3,1,50 高雄市,2 技職
144,國立臺灣戲曲學院,D 日,B 四技,516,194,322,57,73,45,72,48,81,30,86, -, -, -, -, -, -,14,10,30 臺北市,2 技職
221,國立臺南護理專科學校,D 日,2 二專,77,3,74,1,35,1,36, -, -, -, -, -, -, -, -, -, -,1,3,21 臺南市,2 技職
221,國立臺南護理專科學校,D 日,5 五專,"1,865",184,"1,681",46,368,37,356,36,327,32,309,29,310, -, -, -, -,4,11,21 臺南市,2 技職
221,國立臺南護理專科學校,N 修,2 二專,43,9,34,4,19,5,15, -, -, -, -, -, -, -, -, -, -, -, -,21 臺南市,2 技職
222,國立臺東專科學校,D 日,2 二專,438,299,139,132,63,163,75, -, -, -, -, -, -, -, -, -, -,4,1,14 臺東縣,2 技職
222,國立臺東專科學校,D 日,5 五專,221,113,108,15,24,22,14,22,16,27,20,17,20, -, -, -, -,10,14,14 臺東縣,2 技職
222,國立臺東專科學校,N 修,2 二專,96,43,53,19,26,20,26, -, -, -, -, -, -, -, -, -, -,4,1,14 臺東縣,2 技職
1001,東海大學,D 日,D 博士,240,150,90,26,10,24,10,22,12,18,19,18,13,23,9,19,17, -, -,19 臺中市,1 一般
1001,東海大學,D 日,M 碩士,"1,368",656,712,242,276,175,216,133,130,96,83,7,5,3,2, -, -, -, -,19 臺中市,1 一般
1001,東海大學,D 日,B 學士,"12,607","5,657","6,950","1,284","1,463","1,475","1,737","1,367","1,730","1,198","1,766",14,16, -, -, -, -,319,238,19 臺中市,1 一般
1001,東海大學,N 職,M 碩士,760,373,387,113,136,120,133,54,54,41,34,25,17,20,13, -, -, -, -,19 臺中市,1 一般
1001,東海大學,P 進,B 學士,308,149,159,16,22,19,26,27,34,30,28,30,38, -, -, -, -,27,11,19 臺中市,1 一般
1002,輔仁大學,D 日,D 博士,423,218,205,43,35,29,33,34,26,35,32,26,25,28,22,23,32, -, -,01 新北市,1 一般
1002,輔仁大學,D 日,M 碩士,"2,008",782,"1,226",266,445,269,387,130,220,114,168,1,2,2,4, -, -, -, -,01 新北市,1 一般
1002,輔仁大學,D 日,B 學士,"17,908","7,347","10,561","1,679","2,390","1,838","2,627","1,649","2,662","1,658","2,440",40,13,38,13, -, -,445,416,01 新北市,1 一般
1002,輔仁大學,N 職,M 碩士,"1,501",580,921,219,271,185,303,73,149,51,104,22,52,30,42, -, -, -, -,01 新北市,1 一般
1002,輔仁大學,N 修,C 二技,60,3,57, -, -, -, -,2,21,1,35, -, -, -, -, -, -, -,1,01 新北市,2 技職
1002,輔仁大學,P 進,B 學士,"4,081","1,643","2,438",353,455,414,599,370,559,339,584, -, -, -, -, -, -,167,241,01 新北市,1 一般
1003,東吳大學,D 日,D 博士,127,73,54,12,4,8,8,12,6,10,11,4,7,15,7,12,11, -, -,30 臺北市,1 一般
1003,東吳大學,D 日,M 碩士,"1,335",599,736,191,243,178,220,118,114,97,153,15,6, -, -, -, -, -, -,30 臺北市,1 一般
1003,東吳大學,D 日,B 學士,"11,772","4,634","7,138","1,068","1,527","1,091","1,720","1,048","1,716","1,028","1,713",105,137, -, -, -, -,294,325,30 臺北市,1 一般
1003,東吳大學,N 職,M 碩士,"1,281",590,691,168,199,130,174,104,115,78,86,46,68,64,49, -, -, -, -,30 臺北市,1 一般
1003,東吳大學,P 進,B 學士,772,296,476,24,38,67,95,70,122,70,133,48,68, -, -, -, -,17,20,30 臺北市,1 一般
1004,中原大學,D 日,D 博士,355,243,112,50,26,46,23,30,22,42,14,30,16,16,5,29,6, -, -,03 桃園市,1 一般
1004,中原大學,D 日,M 碩士,"1,596",902,694,381,295,337,227,117,84,62,78,4,5,1,4, -,1, -, -,03 桃園市,1 一般
1004,中原大學,D 日,B 學士,"13,751","7,176","6,575","1,713","1,552","1,655","1,605","1,626","1,540","1,579","1,509",79,78, -, -, -, -,524,291,03 桃園市,1 一般
1004,中原大學,N 職,M 碩士,927,545,382,197,138,168,136,74,52,41,27,23,15,40,12,2,2, -, -,03 桃園市,1 一般
1005,淡江大學,D 日,D 博士,366,242,124,40,27,44,21,38,17,37,18,24,17,27,9,32,15, -, -,01 新北市,1 一般
1005,淡江大學,D 日,M 碩士,"1,491",827,664,376,266,304,237,88,95,59,66, -, -, -, -, -, -, -, -,01 新北市,1 一般
1005,淡江大學,D 日,B 學士,"19,799","10,498","9,301","2,196","1,814","2,604","2,403","2,549","2,331","2,419","2,375",38,27, -, -, -, -,692,351,01 新北市,1 一般
1005,淡江大學,N 職,M 碩士,670,330,340,115,123,112,132,50,39,29,25,10,8,14,13, -, -, -, -,01 新北市,1 一般
1005,淡江大學,P 進,B 學士,"1,002",592,410,104,66,129,88,138,88,136,113, -, -, -, -, -, -,85,55,01 新北市,1 一般
1006,中國文化大學,D 日,D 博士,508,312,196,34,27,29,30,32,19,37,21,40,14,31,27,109,58, -, -,30 臺北市,1 一般
1006,中國文化大學,D 日,M 碩士,"1,536",826,710,240,193,159,166,128,121,123,97,75,61,101,72, -, -, -, -,30 臺北市,1 一般
1006,中國文化大學,D 日,B 學士,"18,166","9,218","8,948","1,374","1,335","2,252","2,147","2,185","2,195","2,004","2,200",27,19, -, -, -, -,"1,376","1,052",30 臺北市,1 一般
1006,中國文化大學,N 職,M 碩士,573,207,366,61,109,46,111,21,48,28,31,32,35,19,32, -, -, -, -,30 臺北市,1 一般
1006,中國文化大學,N 修,C 二技,178,66,112, -, -, -, -,27,36,30,58,6,16, -, -, -, -,3,2,30 臺北市,2 技職
1006,中國文化大學,P 進,B 學士,"1,304",509,795,93,212,102,148,87,140,131,184, -, -, -, -, -, -,96,111,30 臺北市,1 一般
1007,逢甲大學,D 日,D 博士,415,292,123,56,33,53,21,51,24,33,13,28,15,29,7,42,10, -, -,19 臺中市,1 一般
1007,逢甲大學,D 日,M 碩士,"1,694","1,106",588,489,276,457,224,109,54,47,32,4,2, -, -, -, -, -, -,19 臺中市,1 一般
1007,逢甲大學,D 日,B 學士,"17,341","10,018","7,323","2,345","1,713","2,410","1,836","2,330","1,798","2,382","1,760",49,45, -, -, -, -,502,171,19 臺中市,1 一般
1007,逢甲大學,N 職,M 碩士,"1,156",705,451,270,185,244,182,76,49,53,23,38,4,24,8, -, -, -, -,19 臺中市,1 一般
1007,逢甲大學,P 進,B 學士,835,499,336,93,60,121,79,121,88,106,75, -, -, -, -, -, -,58,34,19 臺中市,1 一般
1008,靜宜大學,D 日,D 博士,59,29,30,7,5,7,7,1,7,3,5,3,4,2,2,6, -, -, -,06 臺中市,1 一般
1008,靜宜大學,D 日,M 碩士,671,248,423,90,164,77,130,43,81,35,45,1,3,2, -, -, -, -, -,06 臺中市,1 一般
1008,靜宜大學,D 日,B 學士,"10,642","4,082","6,560",808,"1,364","1,046","1,630","1,008","1,649",889,"1,624", -, -, -, -, -, -,331,293,06 臺中市,1 一般
1008,靜宜大學,N 職,M 碩士,334,129,205,40,79,38,51,23,34,7,12,8,17,12,9,1,3, -, -,06 臺中市,1 一般
1009,長庚大學,D 日,D 博士,424,270,154,40,35,43,29,29,22,39,16,30,19,23,8,66,25, -, -,03 桃園市,1 一般
1009,長庚大學,D 日,M 碩士,"1,144",534,610,226,254,184,194,80,88,42,49,1,14,1,11, -, -, -, -,03 桃園市,1 一般
1009,長庚大學,D 日,B 學士,"5,236","2,535","2,701",573,621,552,649,594,604,510,584,97,72,101,66,15,31,93,74,03 桃園市,1 一般
1009,長庚大學,N 職,M 碩士,183,95,88,39,43,31,33,8,5,9,3,2,2,6,2, -, -, -, -,03 桃園市,1 一般
1010,元智大學,D 日,D 博士,233,162,71,21,16,37,12,28,7,26,12,23,9,18,8,9,7, -, -,03 桃園市,1 一般
1010,元智大學,D 日,M 碩士,829,488,341,216,169,170,120,62,41,40,11, -, -, -, -, -, -, -, -,03 桃園市,1 一般
1010,元智大學,D 日,B 學士,"7,010","3,928","3,082",870,674,"1,000",821,944,734,874,729, -, -, -, -, -, -,240,124,03 桃園市,1 一般
1010,元智大學,N 職,M 碩士,572,346,226,98,93,112,79,44,22,48,13,27,12,15,7,2, -, -, -,03 桃園市,1 一般
1011,中華大學,D 日,D 博士,65,48,17,8,5,10,3,11,3,9,2,6,2,1,2,3, -, -, -,18 新竹市,1 一般
1011,中華大學,D 日,M 碩士,288,176,112,96,69,55,23,14,9,11,11, -, -, -, -, -, -, -, -,18 新竹市,1 一般
1011,中華大學,D 日,B 學士,"3,569","2,436","1,133",443,198,555,260,603,282,570,298,28,18, -, -, -, -,237,77,18 新竹市,1 一般
1011,中華大學,N 職,M 碩士,134,88,46,46,25,29,20,7, -,6,1, -, -, -, -, -, -, -, -,18 新竹市,1 一般
1011,中華大學,N 修,C 二技,231,152,79, -, -, -, -,6,7,144,71, -, -, -, -, -, -,2,1,18 新竹市,2 技職
1011,中華大學,P 進,B 學士,174,112,62,39,26,24,11,23,16,14,7, -, -, -, -, -, -,12,2,18 新竹市,1 一般
1012,大葉大學,D 日,D 博士,104,69,35,12,9,7,8,11,7,12,5,11,3,10,1,6,2, -, -,07 彰化縣,1 一般
1012,大葉大學,D 日,M 碩士,397,221,176,94,90,68,49,30,19,25,18,3, -,1, -, -, -, -, -,07 彰化縣,1 一般
1012,大葉大學,D 日,B 學士,"4,717","2,603","2,114",478,372,566,491,640,540,704,628, -, -, -, -, -, -,215,83,07 彰化縣,1 一般
1012,大葉大學,N 職,M 碩士,188,91,97,63,48,12,23,7,12,2,6,4,3,3,5, -, -, -, -,07 彰化縣,1 一般
1012,大葉大學,N 修,C 二技,47,1,46, -, -, -, -,1,17, -,17, -, -, -, -, -, -, -,12,07 彰化縣,2 技職
1012,大葉大學,P 進,B 學士,241,150,91,21,16,34,22,40,17,39,30, -, -, -, -, -, -,16,6,07 彰化縣,1 一般
1013,華梵大學,D 日,D 博士,64,30,34,3,7,2,6,5,5,5,5,5,4,5,3,5,4, -, -,01 新北市,1 一般
1013,華梵大學,D 日,M 碩士,181,76,105,32,36,14,23,19,21,11,25, -, -, -, -, -, -, -, -,01 新北市,1 一般
1013,華梵大學,D 日,B 學士,562,276,286,74,105,61,67,63,55,48,39, -, -, -, -, -, -,30,20,01 新北市,1 一般
1013,華梵大學,N 職,M 碩士,184,71,113,29,53,17,27,8,23,12,8,3,2,2, -, -, -, -, -,01 新北市,1 一般
1014,義守大學,D 日,D 博士,143,100,43,15,5,18,7,21,7,12,8,9,6,12,6,13,4, -, -,12 高雄市,1 一般
1014,義守大學,D 日,M 碩士,347,181,166,68,74,75,54,25,23,13,15, -, -, -, -, -, -, -, -,12 高雄市,1 一般
1014,義守大學,D 日,B 學士,"11,217","5,694","5,523","1,111","1,171","1,426","1,424","1,337","1,364","1,438","1,346",27,22, -, -, -, -,355,196,12 高雄市,1 一般
1014,義守大學,N 職,M 碩士,353,233,120,100,43,73,53,21,14,19,5,12,1,8,4, -, -, -, -,12 高雄市,1 一般
1014,義守大學,N 修,C 二技,147,22,125, -, -, -, -,9,56,13,66, -, -, -, -, -, -, -,3,12 高雄市,2 技職
1014,義守大學,P 進,B 學士,734,538,196,181,55,116,31,69,24,109,66, -, -, -, -, -, -,63,20,12 高雄市,1 一般
1015,世新大學,D 日,D 博士,82,47,35,9,7,6,6,8,10,5,3,8,4,5,2,6,3, -, -,30 臺北市,1 一般
1015,世新大學,D 日,M 碩士,543,258,285,114,111,58,97,50,35,35,41,1,1, -, -, -, -, -, -,30 臺北市,1 一般
1015,世新大學,D 日,B 學士,"9,019","3,210","5,809",696,"1,242",791,"1,430",788,"1,486",793,"1,467", -, -, -, -, -, -,142,184,30 臺北市,1 一般
1015,世新大學,N 職,M 碩士,559,282,277,67,74,69,78,46,48,29,28,30,19,39,28,2,2, -, -,30 臺北市,1 一般
1015,世新大學,P 進,B 學士,696,241,455,75,169,72,135,33,58,35,71, -, -, -, -, -, -,26,22,30 臺北市,1 一般
1016,銘傳大學,D 日,D 博士,67,32,35,10,4,4,6,3,4,5,5,2,6,2,5,6,5, -, -,30 臺北市,1 一般
1016,銘傳大學,D 日,M 碩士,789,299,490,111,202,99,156,53,67,36,65, -, -, -, -, -, -, -, -,30 臺北市,1 一般
1016,銘傳大學,D 日,B 學士,"16,655","6,628","10,027","1,456","2,191","1,636","2,443","1,528","2,532","1,530","2,507",26,16, -, -, -, -,452,338,30 臺北市,1 一般
1016,銘傳大學,N 職,M 碩士,745,317,428,85,158,102,141,47,42,31,37,24,26,28,24, -, -, -, -,30 臺北市,1 一般
1017,實踐大學,D 日,D 博士,27,12,15,3, -,3,1,1,3,2,8, -,1,2,1,1,1, -, -,30 臺北市,1 一般
1017,實踐大學,D 日,M 碩士,357,162,195,50,59,51,62,31,55,28,17,2,2, -, -, -, -, -, -,30 臺北市,1 一般
1017,實踐大學,D 日,B 學士,"9,896","3,316","6,580",729,"1,339",791,"1,601",779,"1,579",721,"1,674",10,28, -, -, -, -,286,359,30 臺北市,1 一般
1017,實踐大學,N 職,M 碩士,111,27,84,6,33,9,21,4,16,7,14,1, -, -, -, -, -, -, -,30 臺北市,1 一般
1017,實踐大學,N 修,C 二技,78,23,55, -, -, -, -,5,22,9,24, -, -, -, -, -, -,9,9,30 臺北市,2 技職
1017,實踐大學,P 進,B 學士,"1,406",450,956,74,131,71,190,110,241,129,286, -, -, -, -, -, -,66,108,30 臺北市,1 一般
1018,朝陽科技大學,D 日,D 博士,112,73,39,18,10,17,7,11,7,13,10,5,4,3, -,6,1, -, -,06 臺中市,2 技職
1018,朝陽科技大學,D 日,M 碩士,609,311,298,137,138,106,79,38,43,27,29,3,7, -,1, -,1, -, -,06 臺中市,2 技職
1018,朝陽科技大學,D 日,B 四技,"11,134","4,906","6,228","1,285","1,521","1,178","1,501","1,096","1,486","1,104","1,548", -, -, -, -, -, -,243,172,06 臺中市,2 技職
1018,朝陽科技大學,D 日,C 二技,40,21,19, -, -, -, -,9,6,12,9, -, -, -, -, -, -, -,4,06 臺中市,2 技職
1018,朝陽科技大學,N 職,M 碩士,276,124,152,39,41,23,37,19,23,17,16,11,18,12,13,3,4, -, -,06 臺中市,2 技職
1018,朝陽科技大學,N 修,B 四技,"1,640",815,825,157,132,131,161,174,189,249,270, -, -, -, -, -, -,104,73,06 臺中市,2 技職
1019,高雄醫學大學,D 日,D 博士,313,151,162,36,25,30,30,23,30,29,32,17,19,7,17,9,9, -, -,50 高雄市,1 一般
1019,高雄醫學大學,D 日,M 碩士,701,226,475,93,203,93,155,29,84,10,32,1,1, -, -, -, -, -, -,50 高雄市,1 一般
1019,高雄醫學大學,D 日,B 學士,"5,274","2,242","3,032",515,713,492,692,445,746,457,661,151,82,137,95,1, -,44,43,50 高雄市,1 一般
1019,高雄醫學大學,N 職,M 碩士,230,89,141,38,60,34,56,11,16,2,5,4,4, -, -, -, -, -, -,50 高雄市,1 一般
1020,南華大學,D 日,D 博士,47,29,18,4,4,3,3,7,3,5,4,3,3,6, -,1,1, -, -,10 嘉義縣,1 一般
1020,南華大學,D 日,M 碩士,514,183,331,74,141,48,77,34,65,25,45,2,3, -, -, -, -, -, -,10 嘉義縣,1 一般
1020,南華大學,D 日,B 學士,"3,934","1,860","2,074",405,495,439,502,429,487,425,510, -, -, -, -, -, -,162,80,10 嘉義縣,1 一般
1020,南華大學,N 職,M 碩士,343,130,213,52,70,34,52,21,40,13,34,10,17, -, -, -, -, -, -,10 嘉義縣,1 一般
1020,南華大學,P 進,B 學士,298,180,118,43,43,38,26,40,21,47,22, -, -, -, -, -, -,12,6,10 嘉義縣,1 一般
1021,真理大學,D 日,M 碩士,124,64,60,28,27,16,15,12,9,8,8, -,1, -, -, -, -, -, -,01 新北市,1 一般
1021,真理大學,D 日,B 學士,"4,175","2,155","2,020",383,369,511,472,585,544,500,535, -, -, -, -, -, -,176,100,01 新北市,1 一般
1021,真理大學,N 職,M 碩士,14,4,10, -,2, -,3,1,3,1,1,1,1,1, -, -, -, -, -,01 新北市,1 一般
1021,真理大學,P 進,B 學士,1,1, -, -, -, -, -, -, -, -, -, -, -, -, -, -, -,1, -,01 新北市,1 一般
1022,大同大學,D 日,D 博士,95,62,33,11,5,16,1,12,4,9,7,2,9,7,4,5,3, -, -,30 臺北市,1 一般
1022,大同大學,D 日,M 碩士,223,140,83,59,39,59,27,15,13,7,4, -, -, -, -, -, -, -, -,30 臺北市,1 一般
1022,大同大學,D 日,B 學士,"3,351","2,102","1,249",418,250,546,344,511,306,497,302, -, -, -, -, -, -,130,47,30 臺北市,1 一般
1022,大同大學,N 職,M 碩士,149,114,35,30,20,36,5,11,2,17,3,20,5, -, -, -, -, -, -,30 臺北市,1 一般
1023,南臺科技大學,D 日,D 博士,79,53,26,12,4,8,7,8,4,9,4,7,4,4,3,5, -, -, -,11 臺南市,2 技職
1023,南臺科技大學,D 日,M 碩士,741,424,317,149,124,175,113,58,47,23,19,13,8,6,6, -, -, -, -,11 臺南市,2 技職
1023,南臺科技大學,D 日,B 四技,"11,654","6,796","4,858","1,573","1,094","1,598","1,216","1,605","1,128","1,683","1,263", -, -, -, -, -, -,337,157,11 臺南市,2 技職
1023,南臺科技大學,D 日,C 二技,64,5,59, -, -, -, -,2,8,3,48, -, -, -, -, -, -, -,3,11 臺南市,2 技職
1023,南臺科技大學,D 日,5 五專,414,361,53,88,24,74,8,76,13,61,4,62,4, -, -, -, -, -, -,11 臺南市,2 技職
1023,南臺科技大學,N 職,M 碩士,321,160,161,63,65,46,50,18,20,11,13,6,7,16,6, -, -, -, -,11 臺南市,2 技職
1023,南臺科技大學,N 修,B 四技,"2,668","1,733",935,277,148,316,154,397,221,492,288, -, -, -, -, -, -,251,124,11 臺南市,2 技職
1023,南臺科技大學,N 修,C 二技,165,40,125, -, -, -, -,18,74,18,46, -, -, -, -, -, -,4,5,11 臺南市,2 技職
1024,崑山科技大學,D 日,D 博士,30,24,6,6, -,4,1,4, -,4,3,5,1,1,1, -, -, -, -,11 臺南市,2 技職
1024,崑山科技大學,D 日,M 碩士,307,192,115,89,52,89,48,10,9,4,6, -, -, -, -, -, -, -, -,11 臺南市,2 技職
1024,崑山科技大學,D 日,B 四技,"6,298","3,771","2,527",873,728,950,533,779,519,983,646, -, -, -, -, -, -,186,101,11 臺南市,2 技職
1024,崑山科技大學,D 日,C 二技,55,26,29, -, -, -, -,5,4,21,25, -, -, -, -, -, -, -, -,11 臺南市,2 技職
1024,崑山科技大學,D 日,2 二專,12,3,9,3,9, -, -, -, -, -, -, -, -, -, -, -, -, -, -,11 臺南市,2 技職
1024,崑山科技大學,N 職,M 碩士,172,114,58,64,27,32,23,9,4,9,4, -, -, -, -, -, -, -, -,11 臺南市,2 技職
1024,崑山科技大學,N 修,B 四技,"2,110","1,444",666,348,134,288,136,317,165,369,171, -, -, -, -, -, -,122,60,11 臺南市,2 技職
1024,崑山科技大學,N 修,C 二技,291,169,122, -, -, -, -,87,75,79,46, -, -, -, -, -, -,3,1,11 臺南市,2 技職
1024,崑山科技大學,N 修,2 二專,1,1, -, -, -, -, -, -, -, -, -, -, -, -, -, -, -,1, -,11 臺南市,2 技職
1025,嘉南藥理大學,D 日,M 碩士,164,71,93,40,40,22,38,6,11,3,4, -, -, -, -, -, -, -, -,11 臺南市,2 技職
1025,嘉南藥理大學,D 日,B 四技,"8,350","3,515","4,835",667,"1,019",878,"1,123",820,"1,125",938,"1,326",102,154, -, -, -, -,110,88,11 臺南市,2 技職
1025,嘉南藥理大學,D 日,C 二技,78,1,77, -, -, -, -,1,30, -,46, -, -, -, -, -, -, -,1,11 臺南市,2 技職
1025,嘉南藥理大學,D 日,5 五專,112,51,61,51,61, -, -, -, -, -, -, -, -, -, -, -, -, -, -,11 臺南市,2 技職
1025,嘉南藥理大學,N 職,M 碩士,192,84,108,37,42,27,43,12,19,5,3,3,1, -, -, -, -, -, -,11 臺南市,2 技職
1025,嘉南藥理大學,N 修,B 四技,"1,194",597,597,127,112,108,113,141,120,159,183, -, -, -, -, -, -,62,69,11 臺南市,2 技職
1025,嘉南藥理大學,N 修,C 二技,526,85,441, -, -, -, -,46,229,37,209, -, -, -, -, -, -,2,3,11 臺南市,2 技職
1026,樹德科技大學,D 日,D 博士,33,16,17,4,5,3,2,1,2,1,2,7,6, -, -, -, -, -, -,12 高雄市,2 技職
1026,樹德科技大學,D 日,M 碩士,233,87,146,45,63,28,48,4,21,8,14,2, -, -, -, -, -, -, -,12 高雄市,2 技職
1026,樹德科技大學,D 日,B 四技,"6,632","2,892","3,740",614,865,739,894,635,847,699,987, -, -, -, -, -, -,205,147,12 高雄市,2 技職
1026,樹德科技大學,N 職,M 碩士,323,145,178,51,67,32,48,20,27,42,36, -, -, -, -, -, -, -, -,12 高雄市,2 技職
1026,樹德科技大學,N 修,B 四技,"1,098",638,460,225,135,108,94,113,93,147,113, -, -, -, -, -, -,45,25,12 高雄市,2 技職
1026,樹德科技大學,N 修,C 二技,504,219,285, -, -, -, -,120,145,94,137, -, -, -, -, -, -,5,3,12 高雄市,2 技職
1026,樹德科技大學,N 修,2 二專,308,157,151,64,78,88,71, -, -, -, -, -, -, -, -, -, -,5,2,12 高雄市,2 技職
1027,慈濟大學,D 日,D 博士,97,48,49,10,6,4,13,12,9,8,9,6,4,4,1,4,7, -, -,15 花蓮縣,1 一般
1027,慈濟大學,D 日,M 碩士,383,119,264,44,79,43,97,20,46,12,42, -, -, -, -, -, -, -, -,15 花蓮縣,1 一般
1027,慈濟大學,D 日,B 學士,"2,558","1,041","1,517",206,264,239,374,228,397,236,374,60,43,30,23, -, -,42,42,15 花蓮縣,1 一般
1027,慈濟大學,N 職,M 碩士,19,5,14,2,8,1,1,1,2, -,2,1,1, -, -, -, -, -, -,15 花蓮縣,1 一般
1028,臺北醫學大學,D 日,D 博士,612,324,288,73,73,65,62,64,54,45,40,42,29,16,17,19,13, -, -,30 臺北市,1 一般
1028,臺北醫學大學,D 日,M 碩士,699,228,471,99,198,97,197,24,54,7,21,1,1, -, -, -, -, -, -,30 臺北市,1 一般
1028,臺北醫學大學,D 日,B 學士,"4,543","1,909","2,634",401,557,401,604,352,669,376,537,169,107,171,107, -, -,39,53,30 臺北市,1 一般
1028,臺北醫學大學,N 職,M 碩士,300,92,208,35,72,42,73,8,31,7,31, -,1, -, -, -, -, -, -,30 臺北市,1 一般
1029,中山醫學大學,D 日,D 博士,181,106,75,21,14,23,8,21,15,19,10,5,9,10,8,7,11, -, -,19 臺中市,1 一般
1029,中山醫學大學,D 日,M 碩士,537,177,360,76,138,59,128,25,52,17,42, -, -, -, -, -, -, -, -,19 臺中市,1 一般
1029,中山醫學大學,D 日,B 學士,"5,983","2,125","3,858",436,791,476,918,464,928,461,915,119,94,107,102, -, -,62,110,19 臺中市,1 一般
1029,中山醫學大學,N 職,M 碩士,168,30,138,17,53,9,57,2,15,2,8, -,5, -, -, -, -, -, -,19 臺中市,1 一般
1029,中山醫學大學,N 修,C 二技,113,40,73, -, -, -, -,17,19,10,27,12,25, -, -, -, -,1,2,19 臺中市,2 技職
1030,龍華科技大學,D 日,M 碩士,359,243,116,100,39,80,42,38,25,25,10, -, -, -, -, -, -, -, -,03 桃園市,2 技職
1030,龍華科技大學,D 日,B 四技,"7,554","5,150","2,404","1,249",562,"1,186",505,"1,229",581,"1,157",627, -, -, -, -, -, -,329,129,03 桃園市,2 技職
1030,龍華科技大學,D 日,C 二技,11,8,3, -, -, -, -,4,1,3,2, -, -, -, -, -, -,1, -,03 桃園市,2 技職
1030,龍華科技大學,D 日,5 五專,823,742,81,198,18,165,17,149,17,133,16,96,13, -, -, -, -,1, -,03 桃園市,2 技職
1030,龍華科技大學,N 職,M 碩士,122,91,31,30,17,45,10,7,2,9,2, -, -, -, -, -, -, -, -,03 桃園市,2 技職
1030,龍華科技大學,N 修,B 四技,"2,851","2,200",651,674,206,473,120,418,122,452,150, -, -, -, -, -, -,183,53,03 桃園市,2 技職
1031,輔英科技大學,D 日,M 碩士,154,31,123,16,47,8,37,5,21,2,17, -,1, -, -, -, -, -, -,12 高雄市,2 技職
1031,輔英科技大學,D 日,B 四技,"3,403","1,343","2,060",237,408,364,499,326,521,315,522, -, -, -, -, -, -,101,110,12 高雄市,2 技職
1031,輔英科技大學,D 日,C 二技,"1,442",167,"1,275", -, -, -, -,87,611,72,647, -, -, -, -, -, -,8,17,12 高雄市,2 技職
1031,輔英科技大學,D 日,5 五專,"2,652",328,"2,324",71,440,68,429,56,509,66,454,56,437, -, -, -, -,11,55,12 高雄市,2 技職
1031,輔英科技大學,N 職,M 碩士,79,2,77, -,21, -,14,1,21, -,11,1,10, -, -, -, -, -, -,12 高雄市,2 技職
1031,輔英科技大學,N 修,B 四技,417,328,89,99,29,62,19,46,13,82,21, -, -, -, -, -, -,39,7,12 高雄市,2 技職
1031,輔英科技大學,N 修,C 二技,951,200,751, -, -, -, -,78,304,74,323,18,26, -, -, -, -,30,98,12 高雄市,2 技職
1032,明新科技大學,D 日,M 碩士,343,197,146,84,68,83,59,17,13,13,6, -, -, -, -, -, -, -, -,04 新竹縣,2 技職
1032,明新科技大學,D 日,B 四技,"6,523","3,909","2,614",974,674,849,545,721,492,"1,064",740, -, -, -, -, -, -,301,163,04 新竹縣,2 技職
1032,明新科技大學,D 日,C 二技,39,23,16, -, -, -, -, -, -,23,16, -, -, -, -, -, -, -, -,04 新竹縣,2 技職
1032,明新科技大學,D 日,2 二專,23,21,2,17,2,4, -, -, -, -, -, -, -, -, -, -, -, -, -,04 新竹縣,2 技職
1032,明新科技大學,N 職,M 碩士,304,199,105,84,69,58,28,28,2,12,2,9,2,8,2, -, -, -, -,04 新竹縣,2 技職
1032,明新科技大學,N 修,B 四技,"2,410","1,515",895,316,198,339,190,351,213,344,225, -, -, -, -, -, -,165,69,04 新竹縣,2 技職
1032,明新科技大學,N 修,C 二技,707,389,318, -, -, -, -,197,178,172,128, -, -, -, -, -, -,20,12,04 新竹縣,2 技職
1032,明新科技大學,N 修,2 二專,207,135,72,67,35,51,36, -, -, -, -, -, -, -, -, -, -,17,1,04 新竹縣,2 技職
1033,長榮大學,D 日,D 博士,50,36,14,8,3,6,3,9,4,6,2,3,1,3, -,1,1, -, -,11 臺南市,1 一般
1033,長榮大學,D 日,M 碩士,244,98,146,42,54,28,29,17,30,10,23,1,10, -, -, -, -, -, -,11 臺南市,1 一般
1033,長榮大學,D 日,B 學士,"6,133","2,894","3,239",544,586,718,742,779,832,705,968, -, -, -, -, -, -,148,111,11 臺南市,1 一般
1033,長榮大學,N 職,M 碩士,96,56,40,20,21,22,9,11,2,3,4, -,4, -, -, -, -, -, -,11 臺南市,1 一般
1033,長榮大學,P 進,B 學士,260,194,66,46,13,44,12,41,17,53,20, -, -, -, -, -, -,10,4,11 臺南市,1 一般
1034,弘光科技大學,D 日,D 博士,15,1,14, -,5,1,3, -,1, -,3, -,1, -,1, -, -, -, -,06 臺中市,2 技職
1034,弘光科技大學,D 日,M 碩士,184,48,136,24,51,18,45,5,21,1,19, -, -, -, -, -, -, -, -,06 臺中市,2 技職
1034,弘光科技大學,D 日,B 四技,"6,958","2,461","4,497",544,"1,077",593,"1,119",586,"1,073",624,"1,074", -, -, -, -, -, -,114,154,06 臺中市,2 技職
1034,弘光科技大學,D 日,C 二技,724,50,674, -, -, -, -,21,338,29,332, -, -, -, -, -, -, -,4,06 臺中市,2 技職
1034,弘光科技大學,D 日,2 二專,11,5,6,5,6, -, -, -, -, -, -, -, -, -, -, -, -, -, -,06 臺中市,2 技職
1034,弘光科技大學,D 日,5 五專,266,31,235,3,50,5,48,5,47,8,42,9,41, -, -, -, -,1,7,06 臺中市,2 技職
1034,弘光科技大學,N 職,M 碩士,102,32,70,13,21,11,23,6,15,1,5, -,3,1,3, -, -, -, -,06 臺中市,2 技職
1034,弘光科技大學,N 修,B 四技,"2,917","1,346","1,571",318,403,314,349,313,347,315,367,4,27, -, -, -, -,82,78,06 臺中市,2 技職
1034,弘光科技大學,N 修,C 二技,807,83,724, -, -, -, -,30,248,33,267,20,206, -, -, -, -, -,3,06 臺中市,2 技職
1034,弘光科技大學,N 修,2 二專,122,14,108,6,60,8,38, -, -, -, -, -, -, -, -, -, -, -,10,06 臺中市,2 技職
1035,中國醫藥大學,D 日,D 博士,412,230,182,57,49,52,34,44,28,24,30,24,17,14,14,15,10, -, -,19 臺中市,1 一般
1035,中國醫藥大學,D 日,M 碩士,501,183,318,89,167,71,115,16,24,6,6,1,6, -, -, -, -, -, -,19 臺中市,1 一般
1035,中國醫藥大學,D 日,B 學士,"6,304","2,677","3,627",550,780,523,776,508,780,479,736,324,296,169,122,58,66,66,71,19 臺中市,1 一般
1035,中國醫藥大學,N 職,M 碩士,83,18,65,11,25,3,25,2,12,2,3, -, -, -, -, -, -, -, -,19 臺中市,1 一般
1036,健行科技大學,D 日,M 碩士,347,205,142,98,72,46,40,32,19,27,9,1,2, -, -,1, -, -, -,03 桃園市,2 技職
1036,健行科技大學,D 日,B 四技,"5,867","3,803","2,064",785,463,974,607,806,445,983,451, -, -, -, -, -, -,255,98,03 桃園市,2 技職
1036,健行科技大學,D 日,C 二技,48,31,17, -, -, -, -,5,2,25,15, -, -, -, -, -, -,1, -,03 桃園市,2 技職
1036,健行科技大學,N 職,M 碩士,36,20,16,8,12,5,3,1,1,3, -,1, -,2, -, -, -, -, -,03 桃園市,2 技職
1036,健行科技大學,N 修,B 四技,"3,409","2,124","1,285",502,292,430,320,546,304,483,311, -, -, -, -, -, -,163,58,03 桃園市,2 技職
1036,健行科技大學,N 修,C 二技,385,194,191, -, -, -, -,100,96,92,91, -, -, -, -, -, -,2,4,03 桃園市,2 技職
1037,正修科技大學,D 日,D 博士,14,14, -,3, -,4, -,2, -,3, -,2, -, -, -, -, -, -, -,12 高雄市,2 技職
1037,正修科技大學,D 日,M 碩士,377,208,169,98,73,84,65,20,20,6,11, -, -, -, -, -, -, -, -,12 高雄市,2 技職
1037,正修科技大學,D 日,B 四技,"8,073","5,211","2,862","1,340",738,"1,306",666,"1,177",667,"1,195",723, -, -, -, -, -, -,193,68,12 高雄市,2 技職
1037,正修科技大學,D 日,C 二技,28,25,3, -, -, -, -, -, -,25,3, -, -, -, -, -, -, -, -,12 高雄市,2 技職
1037,正修科技大學,D 日,5 五專,340,257,83,50,22,62,21,59,15,46,10,40,15, -, -, -, -, -, -,12 高雄市,2 技職
1037,正修科技大學,N 職,M 碩士,205,137,68,55,33,72,33,5,1,5,1, -, -, -, -, -, -, -, -,12 高雄市,2 技職
1037,正修科技大學,N 修,B 四技,"4,406","2,885","1,521",666,444,546,267,668,342,748,360, -, -, -, -, -, -,257,108,12 高雄市,2 技職
1037,正修科技大學,N 修,C 二技,"2,497","1,226","1,271", -, -, -, -,671,678,535,584, -, -, -, -, -, -,20,9,12 高雄市,2 技職
1037,正修科技大學,N 修,2 二專,827,493,334,255,166,205,152, -, -, -, -, -, -, -, -, -, -,33,16,12 高雄市,2 技職
1038,萬能科技大學,D 日,M 碩士,147,77,70,30,31,23,22,18,11,6,6, -, -, -, -, -, -, -, -,03 桃園市,2 技職
1038,萬能科技大學,D 日,B 四技,"5,312","2,929","2,383",736,574,652,539,635,539,696,630, -, -, -, -, -, -,210,101,03 桃園市,2 技職
1038,萬能科技大學,N 職,M 碩士,146,73,73,43,42,29,30,1,1, -, -, -, -, -, -, -, -, -, -,03 桃園市,2 技職
1038,萬能科技大學,N 修,B 四技,"2,249","1,296",953,355,262,282,198,295,243,298,215, -, -, -, -, -, -,66,35,03 桃園市,2 技職
1038,萬能科技大學,N 修,C 二技,363,182,181, -, -, -, -,81,79,94,99, -, -, -, -, -, -,7,3,03 桃園市,2 技職
1038,萬能科技大學,N 修,2 二專,6, -,6, -, -, -, -, -, -, -, -, -, -, -, -, -, -, -,6,03 桃園市,2 技職
1039,玄奘大學,D 日,M 碩士,261,92,169,31,48,25,45,18,46,12,27,4,2,2,1, -, -, -, -,18 新竹市,1 一般
1039,玄奘大學,D 日,B 學士,"1,376",561,815,95,169,110,188,161,213,149,206, -, -, -, -, -, -,46,39,18 新竹市,1 一般
1039,玄奘大學,N 職,M 碩士,149,44,105,8,35,13,25,12,20,8,19,2,6,1, -, -, -, -, -,18 新竹市,1 一般
1039,玄奘大學,N 修,C 二技,14,5,9, -, -, -, -,5,9, -, -, -, -, -, -, -, -, -, -,18 新竹市,2 技職
1039,玄奘大學,P 進,B 學士,5, -,5, -, -, -, -, -, -, -,1, -, -, -, -, -, -, -,4,18 新竹市,1 一般
1040,建國科技大學,D 日,M 碩士,132,77,55,33,28,28,23,7,1,9,3, -, -, -, -, -, -, -, -,07 彰化縣,2 技職
1040,建國科技大學,D 日,B 四技,"2,679","1,841",838,340,148,333,156,341,161,680,326, -, -, -, -, -, -,147,47,07 彰化縣,2 技職
1040,建國科技大學,D 日,2 二專,9,8,1,8,1, -, -, -, -, -, -, -, -, -, -, -, -, -, -,07 彰化縣,2 技職
1040,建國科技大學,N 修,B 四技,"1,609","1,228",381,336,79,219,104,245,97,364,86, -, -, -, -, -, -,64,15,07 彰化縣,2 技職
1040,建國科技大學,N 修,C 二技,319,177,142, -, -, -, -,84,77,84,62, -, -, -, -, -, -,9,3,07 彰化縣,2 技職
1040,建國科技大學,N 修,2 二專,48,30,18,16,9,10,9, -, -, -, -, -, -, -, -, -, -,4, -,07 彰化縣,2 技職
1041,明志科技大學,D 日,D 博士,47,34,13,10,7,13,5,5, -,2,1,3, -, -, -,1, -, -, -,01 新北市,2 技職
1041,明志科技大學,D 日,M 碩士,479,363,116,160,39,151,53,39,22,13,2, -, -, -, -, -, -, -, -,01 新北市,2 技職
1041,明志科技大學,D 日,B 四技,"3,598","2,577","1,021",641,256,617,273,602,234,610,246, -, -, -, -, -, -,107,12,01 新北市,2 技職
1041,明志科技大學,N 職,M 碩士,22,17,5,5,3,8,2,4, -, -, -, -, -, -, -, -, -, -, -,01 新北市,2 技職
1041,明志科技大學,N 修,B 四技,198,191,7,24,1,26,1,20,1,84,4, -, -, -, -, -, -,37, -,01 新北市,2 技職
1042,高苑科技大學,D 日,M 碩士,90,57,33,19,11,27,12,10,7,1,3, -, -, -, -, -, -, -, -,12 高雄市,2 技職
1042,高苑科技大學,D 日,B 四技,"1,132",672,460,83,61,160,123,129,99,228,146, -, -, -, -, -, -,72,31,12 高雄市,2 技職
1042,高苑科技大學,D 日,5 五專,8,7,1,7,1, -, -, -, -, -, -, -, -, -, -, -, -, -, -,12 高雄市,2 技職
1042,高苑科技大學,N 職,M 碩士,110,84,26,37,14,41,11,5, -, -, -,1,1, -, -, -, -, -, -,12 高雄市,2 技職
1042,高苑科技大學,N 修,B 四技,481,393,88,50,10,76,29,110,26,125,20, -, -, -, -, -, -,32,3,12 高雄市,2 技職
1042,高苑科技大學,N 修,C 二技,225,138,87, -, -, -, -,49,43,75,44, -, -, -, -, -, -,14, -,12 高雄市,2 技職
1042,高苑科技大學,N 修,2 二專,59,29,30,8,4,18,24, -, -, -, -, -, -, -, -, -, -,3,2,12 高雄市,2 技職
1043,大仁科技大學,D 日,M 碩士,84,35,49,21,25,7,17,4,6,3,1, -, -, -, -, -, -, -, -,13 屏東縣,2 技職
1043,大仁科技大學,D 日,B 四技,"2,767","1,314","1,453",269,301,259,283,248,299,338,378,100,117, -, -, -, -,100,75,13 屏東縣,2 技職
1043,大仁科技大學,N 職,M 碩士,140,77,63,36,23,35,33,4,5,2,1, -,1, -, -, -, -, -, -,13 屏東縣,2 技職
1043,大仁科技大學,N 修,B 四技,120,74,46,23,9,16,15,6,9,21,12, -, -, -, -, -, -,8,1,13 屏東縣,2 技職
1043,大仁科技大學,N 修,C 二技,"1,322",455,867, -, -, -, -,213,418,210,423, -, -, -, -, -, -,32,26,13 屏東縣,2 技職
1043,大仁科技大學,N 修,2 二專,89,49,40,20,15,20,18, -, -, -, -, -, -, -, -, -, -,9,7,13 屏東縣,2 技職
1044,聖約翰科技大學,D 日,M 碩士,71,54,17,17,6,21,8,8,1,8,2, -, -, -, -, -, -, -, -,01 新北市,2 技職
1044,聖約翰科技大學,D 日,B 四技,594,381,213,31,14,52,23,53,40,167,101, -, -, -, -, -, -,78,35,01 新北市,2 技職
1044,聖約翰科技大學,D 日,5 五專,98,79,19, -, -, -, -,5,3,31,6,34,8, -, -, -, -,9,2,01 新北市,2 技職
1044,聖約翰科技大學,N 職,M 碩士,69,51,18,17,7,18,6,6,3,10,2, -, -, -, -, -, -, -, -,01 新北市,2 技職
1044,聖約翰科技大學,N 修,B 四技,181,162,19,21,1,32,2,14,1,92,15, -, -, -, -, -, -,3, -,01 新北市,2 技職
1044,聖約翰科技大學,N 修,C 二技,57,45,12, -, -, -, -,14,5,27,6, -, -, -, -, -, -,4,1,01 新北市,2 技職
1044,聖約翰科技大學,N 修,2 二專,49,33,16,11,6,22,10, -, -, -, -, -, -, -, -, -, -, -, -,01 新北市,2 技職
1045,嶺東科技大學,D 日,M 碩士,219,97,122,51,61,30,38,10,15,6,8, -, -, -, -, -, -, -, -,19 臺中市,2 技職
1045,嶺東科技大學,D 日,B 四技,"6,609","2,467","4,142",530,915,637,999,572,"1,029",609,"1,117", -, -, -, -, -, -,119,82,19 臺中市,2 技職
1045,嶺東科技大學,D 日,C 二技,1, -,1, -, -, -, -, -,1, -, -, -, -, -, -, -, -, -, -,19 臺中市,2 技職
1045,嶺東科技大學,N 職,M 碩士,154,82,72,34,47,39,23,8,2,1, -, -, -, -, -, -, -, -, -,19 臺中市,2 技職
1045,嶺東科技大學,N 修,B 四技,"2,438","1,310","1,128",317,292,275,237,312,258,307,277, -, -, -, -, -, -,99,64,19 臺中市,2 技職
1045,嶺東科技大學,N 修,C 二技,45,4,41, -, -, -, -,4,41, -, -, -, -, -, -, -, -, -, -,19 臺中市,2 技職
1046,中國科技大學,D 日,M 碩士,185,104,81,40,30,36,27,17,14,11,10, -, -, -, -, -, -, -, -,30 臺北市,2 技職
1046,中國科技大學,D 日,B 四技,"5,409","2,524","2,885",486,615,646,709,535,619,694,807, -, -, -, -, -, -,163,135,30 臺北市,2 技職
1046,中國科技大學,D 日,C 二技,7,2,5, -, -, -, -, -, -,2,5, -, -, -, -, -, -, -, -,30 臺北市,2 技職
1046,中國科技大學,N 職,M 碩士,60,36,24,18,6,14,17,4,1, -, -, -, -, -, -, -, -, -, -,30 臺北市,2 技職
1046,中國科技大學,N 修,B 四技,994,589,405,155,114,130,75,103,88,141,94, -, -, -, -, -, -,60,34,30 臺北市,2 技職
1046,中國科技大學,N 修,C 二技,656,327,329, -, -, -, -,166,152,149,173, -, -, -, -, -, -,12,4,30 臺北市,2 技職
1046,中國科技大學,N 修,2 二專,307,159,148,80,79,60,59, -, -, -, -, -, -, -, -, -, -,19,10,30 臺北市,2 技職
1047,中臺科技大學,D 日,D 博士,8,4,4, -,1,2,1,1, -, -, -, -,1, -, -,1,1, -, -,19 臺中市,2 技職
1047,中臺科技大學,D 日,M 碩士,119,35,84,17,36,13,30,3,8,1,7,1,3, -, -, -, -, -, -,19 臺中市,2 技職
1047,中臺科技大學,D 日,B 四技,"3,752","1,580","2,172",262,442,378,483,381,480,422,647, -, -, -, -, -, -,137,120,19 臺中市,2 技職
1047,中臺科技大學,D 日,C 二技,575,102,473, -, -, -, -,54,235,46,237, -, -, -, -, -, -,2,1,19 臺中市,2 技職
1047,中臺科技大學,D 日,2 二專,14,5,9, -, -,5,9, -, -, -, -, -, -, -, -, -, -, -, -,19 臺中市,2 技職
1047,中臺科技大學,N 職,M 碩士,271,55,216,17,76,20,71,8,32,8,25,2,12, -, -, -, -, -, -,19 臺中市,2 技職
1047,中臺科技大學,N 修,B 四技,"1,363",487,876,108,171,98,202,119,199,114,205,12,62, -, -, -, -,36,37,19 臺中市,2 技職
1047,中臺科技大學,N 修,C 二技,819,100,719, -, -, -, -,52,408,26,261,21,45, -, -, -, -,1,5,19 臺中市,2 技職
1048,亞洲大學,D 日,D 博士,230,138,92,33,23,21,20,23,15,22,12,15,11,11,7,13,4, -, -,06 臺中市,1 一般
1048,亞洲大學,D 日,M 碩士,631,229,402,93,192,55,104,48,62,33,44, -, -, -, -, -, -, -, -,06 臺中市,1 一般
1048,亞洲大學,D 日,B 學士,"9,079","3,211","5,868",708,"1,369",775,"1,473",772,"1,450",747,"1,424", -, -, -, -, -, -,209,152,06 臺中市,1 一般
1048,亞洲大學,N 職,M 碩士,420,193,227,119,123,47,72,24,17,3,15, -, -, -, -, -, -, -, -,06 臺中市,1 一般
1048,亞洲大學,P 進,B 學士,553,238,315,43,68,54,71,56,70,53,66, -, -, -, -, -, -,32,40,06 臺中市,1 一般
1049,開南大學,D 日,M 碩士,228,84,144,37,68,17,35,16,18,12,22,2,1, -, -, -, -, -, -,03 桃園市,1 一般
1049,開南大學,D 日,B 學士,"3,249","1,602","1,647",363,312,313,355,374,393,392,448, -, -, -, -, -, -,160,139,03 桃園市,1 一般
1049,開南大學,N 職,M 碩士,299,174,125,92,72,33,33,18,7,14,3,9,4,8,5, -,1, -, -,03 桃園市,1 一般
1049,開南大學,P 進,B 學士,"1,002",558,444,144,141,108,83,132,105,139,95, -, -, -, -, -, -,35,20,03 桃園市,1 一般
1050,佛光大學,D 日,D 博士,64,20,44,3,6, -,7,4,6,3,6,4,9,3,7,3,3, -, -,02 宜蘭縣,1 一般
1050,佛光大學,D 日,M 碩士,433,183,250,80,102,43,56,23,36,35,52,1,2,1,2, -, -, -, -,02 宜蘭縣,1 一般
1050,佛光大學,D 日,B 學士,"2,469","1,169","1,300",261,286,268,320,279,314,271,327, -, -, -, -, -, -,90,53,02 宜蘭縣,1 一般
1050,佛光大學,N 職,M 碩士,102,56,46,29,30,14,7,4,1, -,2,9,6, -, -, -, -, -, -,02 宜蘭縣,1 一般
1051,台南應用科技大學,D 日,M 碩士,94,32,62,17,24,12,27,3,9, -,2, -, -, -, -, -, -, -, -,11 臺南市,2 技職
1051,台南應用科技大學,D 日,B 四技,"7,044","2,084","4,960",398,"1,061",540,"1,262",489,"1,231",568,"1,316", -, -, -, -, -, -,89,90,11 臺南市,2 技職
1051,台南應用科技大學,D 日,C 二技,450,82,368, -, -, -, -,41,153,36,182, -, -, -, -, -, -,5,33,11 臺南市,2 技職
1051,台南應用科技大學,D 日,5 五專,902,221,681,40,131,41,130,47,133,47,144,46,143, -, -, -, -, -, -,11 臺南市,2 技職
1051,台南應用科技大學,N 職,M 碩士,104,23,81,8,28,10,32,2,12,3,6, -,3, -, -, -, -, -, -,11 臺南市,2 技職
1051,台南應用科技大學,N 修,B 四技,"1,957",733,"1,224",149,245,119,192,171,304,211,363,35,81, -, -, -, -,48,39,11 臺南市,2 技職
1051,台南應用科技大學,N 修,C 二技,169,17,152, -, -, -, -,7,71,5,71, -, -, -, -, -, -,5,10,11 臺南市,2 技職
1052,遠東科技大學,D 日,M 碩士,228,121,107,52,52,52,47,11,8,6, -, -, -, -, -, -, -, -, -,11 臺南市,2 技職
1052,遠東科技大學,D 日,B 四技,"1,796","1,295",501,232,83,197,69,307,123,405,180, -, -, -, -, -, -,154,46,11 臺南市,2 技職
1052,遠東科技大學,N 職,M 碩士,38,36,2,9, -,8,1,9,1,5, -,4, -,1, -, -, -, -, -,11 臺南市,2 技職
1052,遠東科技大學,N 修,B 四技,375,293,82,60,14,51,15,50,21,113,24, -, -, -, -, -, -,19,8,11 臺南市,2 技職
1052,遠東科技大學,N 修,C 二技,302,184,118, -, -, -, -,99,44,80,71, -, -, -, -, -, -,5,3,11 臺南市,2 技職
1052,遠東科技大學,N 修,2 二專,193,135,58,88,25,41,32, -, -, -, -, -, -, -, -, -, -,6,1,11 臺南市,2 技職
1053,元培醫事科技大學,D 日,D 博士,2,2, -, -, -,1, -,1, -, -, -, -, -, -, -, -, -, -, -,18 新竹市,2 技職
1053,元培醫事科技大學,D 日,M 碩士,245,101,144,36,61,37,42,21,29,7,12, -, -, -, -, -, -, -, -,18 新竹市,2 技職
1053,元培醫事科技大學,D 日,B 四技,"3,035","1,265","1,770",214,310,285,450,279,431,343,475, -, -, -, -, -, -,144,104,18 新竹市,2 技職
1053,元培醫事科技大學,D 日,C 二技,102,7,95, -, -, -, -,2,49,5,46, -, -, -, -, -, -, -, -,18 新竹市,2 技職
1053,元培醫事科技大學,N 職,M 碩士,41,12,29,7,10,5,12, -,1, -,6, -, -, -, -, -, -, -, -,18 新竹市,2 技職
1053,元培醫事科技大學,N 修,B 四技,"1,187",582,605,82,117,93,126,150,154,200,172, -, -, -, -, -, -,57,36,18 新竹市,2 技職
1053,元培醫事科技大學,N 修,C 二技,448,93,355, -, -, -, -,27,117,63,231, -, -, -, -, -, -,3,7,18 新竹市,2 技職
1054,景文科技大學,D 日,M 碩士,7,5,2, -, -, -, -,3,1,2,1, -, -, -, -, -, -, -, -,01 新北市,2 技職
1054,景文科技大學,D 日,B 四技,"4,206","1,905","2,301",434,488,380,459,421,513,519,739, -, -, -, -, -, -,151,102,01 新北市,2 技職
1054,景文科技大學,D 日,C 二技,22,12,10, -, -, -, -,3,2,9,7, -, -, -, -, -, -, -,1,01 新北市,2 技職
1054,景文科技大學,N 職,M 碩士,57,36,21,16,8,14,11,4,2,2, -, -, -, -, -, -, -, -, -,01 新北市,2 技職
1054,景文科技大學,N 修,B 四技,686,371,315,143,104,50,45,45,50,103,98, -, -, -, -, -, -,30,18,01 新北市,2 技職
1054,景文科技大學,N 修,C 二技,285,160,125, -, -, -, -,68,61,83,59, -, -, -, -, -, -,9,5,01 新北市,2 技職
1054,景文科技大學,N 修,2 二專,79,44,35,17,16,24,15, -, -, -, -, -, -, -, -, -, -,3,4,01 新北市,2 技職
1055,中華醫事科技大學,D 日,M 碩士,100,44,56,26,24,13,21,5,9, -,2, -, -, -, -, -, -, -, -,11 臺南市,2 技職
1055,中華醫事科技大學,D 日,B 四技,"2,468",840,"1,628",187,313,173,365,210,390,221,505, -, -, -, -, -, -,49,55,11 臺南市,2 技職
1055,中華醫事科技大學,D 日,C 二技,851,167,684, -, -, -, -,84,347,78,331, -, -, -, -, -, -,5,6,11 臺南市,2 技職
1055,中華醫事科技大學,D 日,5 五專,"3,110",666,"2,444",129,505,127,509,154,538,120,440,117,405, -, -, -, -,19,47,11 臺南市,2 技職
1055,中華醫事科技大學,N 職,M 碩士,23,11,12,6,8,3,3,2,1, -, -, -, -, -, -, -, -, -, -,11 臺南市,2 技職
1055,中華醫事科技大學,N 修,B 四技,516,247,269,76,68,53,67,40,50,59,72, -, -, -, -, -, -,19,12,11 臺南市,2 技職
1055,中華醫事科技大學,N 修,C 二技,773,217,556, -, -, -, -,126,301,86,244, -, -, -, -, -, -,5,11,11 臺南市,2 技職
1055,中華醫事科技大學,N 修,2 二專,77,34,43,16,24,16,18, -, -, -, -, -, -, -, -, -, -,2,1,11 臺南市,2 技職
1056,東南科技大學,D 日,M 碩士,131,80,51,37,15,38,31,5,3, -,2, -, -, -, -, -, -, -, -,01 新北市,2 技職
1056,東南科技大學,D 日,B 四技,"3,645","2,320","1,325",551,326,470,279,492,289,644,347, -, -, -, -, -, -,163,84,01 新北市,2 技職
1056,東南科技大學,N 職,M 碩士,60,53,7,28,6,22,1,2, -,1, -, -, -, -, -, -, -, -, -,01 新北市,2 技職
1056,東南科技大學,N 修,B 四技,540,382,158,80,48,91,40,74,32,119,32, -, -, -, -, -, -,18,6,01 新北市,2 技職
1057,德明財經科技大學,D 日,M 碩士,41,21,20,7,8,9,8,3,4,2, -, -, -, -, -, -, -, -, -,30 臺北市,2 技職
1057,德明財經科技大學,D 日,B 四技,"5,805","2,487","3,318",458,617,557,744,557,717,630,952, -, -, -, -, -, -,285,288,30 臺北市,2 技職
1057,德明財經科技大學,D 日,C 二技,87,30,57, -, -, -, -,6,27,24,28, -, -, -, -, -, -, -,2,30 臺北市,2 技職
1057,德明財經科技大學,N 職,M 碩士,26,15,11,9,7,2,4,1, -,3, -, -, -, -, -, -, -, -, -,30 臺北市,2 技職
1057,德明財經科技大學,N 修,B 四技,320,170,150,32,32,24,25,43,33,52,45, -, -, -, -, -, -,19,15,30 臺北市,2 技職
1057,德明財經科技大學,N 修,C 二技,146,47,99, -, -, -, -,24,50,23,48, -, -, -, -, -, -, -,1,30 臺北市,2 技職
1058,明道大學,D 日,D 博士,30,17,13,2,3,4,1,1,4,4,1,3,3,1,1,2, -, -, -,07 彰化縣,1 一般
1058,明道大學,D 日,M 碩士,144,74,70,27,33,17,22,20,7,8,7,1, -,1,1, -, -, -, -,07 彰化縣,1 一般
1058,明道大學,D 日,B 學士,793,427,366,24,13,50,63,104,111,205,167, -, -, -, -, -, -,44,12,07 彰化縣,1 一般
1058,明道大學,N 職,M 碩士,41,11,30,4,19,4,7,2,2,1,2, -, -, -, -, -, -, -, -,07 彰化縣,1 一般
1058,明道大學,P 進,B 學士,368,256,112,67,29,48,25,66,17,67,35, -, -, -, -, -, -,8,6,07 彰化縣,1 一般
1060,南開科技大學,D 日,M 碩士,73,38,35,13,18,15,15,8,1,2,1, -, -, -, -, -, -, -, -,08 南投縣,2 技職
1060,南開科技大學,D 日,B 四技,"1,475","1,045",430,202,73,176,87,281,91,305,155, -, -, -, -, -, -,81,24,08 南投縣,2 技職
1060,南開科技大學,D 日,5 五專,341,297,44,35,2,54,9,64,7,60,15,74,11, -, -, -, -,10, -,08 南投縣,2 技職
1060,南開科技大學,N 職,M 碩士,51,19,32,8,13,8,16,2,2,1,1, -, -, -, -, -, -, -, -,08 南投縣,2 技職
1060,南開科技大學,N 修,B 四技,574,422,152,103,30,96,27,86,41,107,50, -, -, -, -, -, -,30,4,08 南投縣,2 技職
1060,南開科技大學,N 修,C 二技,217,88,129, -, -, -, -,29,68,57,61, -, -, -, -, -, -,2, -,08 南投縣,2 技職
1060,南開科技大學,N 修,2 二專,53,28,25,7,13,16,11, -, -, -, -, -, -, -, -, -, -,5,1,08 南投縣,2 技職
1061,中華科技大學,D 日,M 碩士,197,131,66,56,35,57,30,13,1,5, -, -, -, -, -, -, -, -, -,30 臺北市,2 技職
1061,中華科技大學,D 日,B 四技,"2,335","1,663",672,270,121,331,145,394,144,528,220, -, -, -, -, -, -,140,42,30 臺北市,2 技職
1061,中華科技大學,D 日,C 二技,30,7,23, -, -, -, -,7,23, -, -, -, -, -, -, -, -, -, -,30 臺北市,2 技職
1061,中華科技大學,N 職,M 碩士,98,77,21,36,7,37,13,2, -,2,1, -, -, -, -, -, -, -, -,30 臺北市,2 技職
1061,中華科技大學,N 修,B 四技,660,528,132,153,38,115,29,115,29,128,35, -, -, -, -, -, -,17,1,30 臺北市,2 技職
1061,中華科技大學,N 修,C 二技,445,267,178, -, -, -, -,204,135,62,42, -, -, -, -, -, -,1,1,30 臺北市,2 技職
1061,中華科技大學,N 修,2 二專,121,80,41,41,27,37,11, -, -, -, -, -, -, -, -, -, -,2,3,30 臺北市,2 技職
1062,僑光科技大學,D 日,M 碩士,54,23,31,17,15,6,15, -,1, -, -, -, -, -, -, -, -, -, -,19 臺中市,2 技職
1062,僑光科技大學,D 日,B 四技,"5,271","2,323","2,948",526,569,592,750,560,705,583,867, -, -, -, -, -, -,62,57,19 臺中市,2 技職
1062,僑光科技大學,N 職,M 碩士,33,17,16,11,11,6,5, -, -, -, -, -, -, -, -, -, -, -, -,19 臺中市,2 技職
1062,僑光科技大學,N 修,B 四技,"3,542","2,131","1,411",538,313,458,282,464,313,517,410, -, -, -, -, -, -,154,93,19 臺中市,2 技職
1063,育達科技大學,D 日,M 碩士,150,58,92,27,50,17,31,5,3,9,8, -, -, -, -, -, -, -, -,05 苗栗縣,2 技職
1063,育達科技大學,D 日,B 四技,"1,262",673,589,128,150,124,121,123,122,203,133, -, -, -, -, -, -,95,63,05 苗栗縣,2 技職
1063,育達科技大學,N 職,M 碩士,175,95,80,50,38,19,31,14,4,12,7, -, -, -, -, -, -, -, -,05 苗栗縣,2 技職
1063,育達科技大學,N 修,B 四技,745,440,305,118,78,105,70,74,65,113,81, -, -, -, -, -, -,30,11,05 苗栗縣,2 技職
1063,育達科技大學,N 修,C 二技,"1,102",361,741, -, -, -, -,193,364,147,354, -, -, -, -, -, -,21,23,05 苗栗縣,2 技職
1064,美和科技大學,D 日,M 碩士,147,57,90,24,39,21,27,7,15,5,8, -,1, -, -, -, -, -, -,13 屏東縣,2 技職
1064,美和科技大學,D 日,B 四技,"1,694",716,978,151,172,161,229,158,230,214,304, -, -, -, -, -, -,32,43,13 屏東縣,2 技職
1064,美和科技大學,D 日,C 二技,193,23,170, -, -, -, -,5,73,18,96, -, -, -, -, -, -, -,1,13 屏東縣,2 技職
1064,美和科技大學,D 日,5 五專,"1,625",229,"1,396",54,301,44,253,41,268,46,271,36,255, -, -, -, -,8,48,13 屏東縣,2 技職
1064,美和科技大學,N 職,M 碩士,201,36,165,11,39,11,50,8,16,5,59,1,1, -, -, -, -, -, -,13 屏東縣,2 技職
1064,美和科技大學,N 修,B 四技,423,140,283,34,65,32,64,34,81,28,54, -, -, -, -, -, -,12,19,13 屏東縣,2 技職
1064,美和科技大學,N 修,C 二技,"1,110",224,886, -, -, -, -,121,431,95,441, -, -, -, -, -, -,8,14,13 屏東縣,2 技職
1064,美和科技大學,N 修,2 二專,109,58,51,30,25,24,25, -, -, -, -, -, -, -, -, -, -,4,1,13 屏東縣,2 技職
1065,吳鳳科技大學,D 日,M 碩士,48,38,10,19,1,14,7,3, -,1,2, -, -,1, -, -, -, -, -,10 嘉義縣,2 技職
1065,吳鳳科技大學,D 日,B 四技,"2,650","1,754",896,344,197,438,205,376,225,556,248, -, -, -, -, -, -,40,21,10 嘉義縣,2 技職
1065,吳鳳科技大學,N 職,M 碩士,63,44,19,27,8,15,11,2, -, -, -, -, -, -, -, -, -, -, -,10 嘉義縣,2 技職
1065,吳鳳科技大學,N 修,B 四技,610,453,157,90,38,108,26,98,45,134,41, -, -, -, -, -, -,23,7,10 嘉義縣,2 技職
1065,吳鳳科技大學,N 修,C 二技,764,355,409, -, -, -, -,195,197,157,205, -, -, -, -, -, -,3,7,10 嘉義縣,2 技職
1065,吳鳳科技大學,N 修,2 二專,206,111,95,51,50,57,45, -, -, -, -, -, -, -, -, -, -,3, -,10 嘉義縣,2 技職
1066,環球科技大學,D 日,M 碩士,99,43,56,13,22,15,17,10,10,5,7, -, -, -, -, -, -, -, -,09 雲林縣,2 技職
1066,環球科技大學,D 日,B 四技,"1,265",622,643,96,83,113,77,132,164,215,268, -, -, -, -, -, -,66,51,09 雲林縣,2 技職
1066,環球科技大學,N 職,M 碩士,64,22,42,8,12,7,18,4,9, -,3,3, -, -, -, -, -, -, -,09 雲林縣,2 技職
1066,環球科技大學,N 修,B 四技,323,187,136,61,22,27,13,35,41,54,48, -, -, -, -, -, -,10,12,09 雲林縣,2 技職
1066,環球科技大學,N 修,C 二技,256,86,170, -, -, -, -,36,81,42,85, -, -, -, -, -, -,8,4,09 雲林縣,2 技職
1066,環球科技大學,N 修,2 二專,104,67,37,19,19,46,18, -, -, -, -, -, -, -, -, -, -,2, -,09 雲林縣,2 技職
1067,台灣首府大學,D 日,M 碩士,33,9,24,1,4,4,14,2,5,2,1, -, -, -, -, -, -, -, -,11 臺南市,1 一般
1067,台灣首府大學,D 日,B 學士,223,102,121, -, -,6,10,13,20,56,84, -, -, -, -, -, -,27,7,11 臺南市,1 一般
1067,台灣首府大學,P 進,B 學士,81,46,35, -, -,8,10,11,9,15,16, -, -, -, -, -, -,12, -,11 臺南市,1 一般
1068,中州科技大學,D 日,B 四技,288,183,105, -, -,15,12,50,15,98,70, -, -, -, -, -, -,20,8,07 彰化縣,2 技職
1068,中州科技大學,N 職,M 碩士,5,2,3, -, -,1,2, -, -,1,1, -, -, -, -, -, -, -, -,07 彰化縣,2 技職
1068,中州科技大學,N 修,B 四技,294,210,84, -, -,35,16,77,27,64,29, -, -, -, -, -, -,34,12,07 彰化縣,2 技職
1068,中州科技大學,N 修,C 二技,290,79,211, -, -, -, -, -, -,74,206, -, -, -, -, -, -,5,5,07 彰化縣,2 技職
1068,中州科技大學,N 修,2 二專,30,1,29, -, -, -,25, -, -, -, -, -, -, -, -, -, -,1,4,07 彰化縣,2 技職
1069,修平科技大學,D 日,M 碩士,90,50,40,23,23,20,15,5, -,2,2, -, -, -, -, -, -, -, -,06 臺中市,2 技職
1069,修平科技大學,D 日,B 四技,"2,466","1,785",681,349,189,354,112,456,164,517,186, -, -, -, -, -, -,109,30,06 臺中市,2 技職
1069,修平科技大學,N 職,M 碩士,61,44,17,21,10,20,7,3, -, -, -, -, -, -, -, -, -, -, -,06 臺中市,2 技職
1069,修平科技大學,N 修,B 四技,"1,168","1,072",96,224,26,255,19,262,25,265,22, -, -, -, -, -, -,66,4,06 臺中市,2 技職
1069,修平科技大學,N 修,C 二技,624,445,179, -, -, -, -,236,98,201,79, -, -, -, -, -, -,8,2,06 臺中市,2 技職
1069,修平科技大學,N 修,2 二專,2,2, -, -, -, -, -, -, -, -, -, -, -, -, -, -, -,2, -,06 臺中市,2 技職
1070,長庚科技大學,D 日,M 碩士,70,5,65,2,36,2,16,1,9, -,4, -, -, -, -, -, -, -, -,03 桃園市,2 技職
1070,長庚科技大學,D 日,B 四技,"3,392",473,"2,919",128,700,132,734,104,728,102,748, -, -, -, -, -, -,7,9,03 桃園市,2 技職
1070,長庚科技大學,D 日,C 二技,"1,445",117,"1,328", -, -, -, -,59,665,57,656, -, -, -, -, -, -,1,7,03 桃園市,2 技職
1070,長庚科技大學,N 職,M 碩士,161,4,157,2,45,1,41, -,32,1,23, -,10, -,4, -,2, -, -,03 桃園市,2 技職
1070,長庚科技大學,N 修,C 二技,"1,203",89,"1,114", -, -, -, -,40,575,47,513, -,18, -, -, -, -,2,8,03 桃園市,2 技職
1071,臺北城市科技大學,D 日,M 碩士,88,66,22,26,11,21,9,14,2,5, -, -, -, -, -, -, -, -, -,30 臺北市,2 技職
1071,臺北城市科技大學,D 日,B 四技,"6,496","4,046","2,450",911,720,867,447,934,502,990,611, -, -, -, -, -, -,344,170,30 臺北市,2 技職
1071,臺北城市科技大學,D 日,C 二技,7,4,3, -, -, -, -, -, -,4,3, -, -, -, -, -, -, -, -,30 臺北市,2 技職
1071,臺北城市科技大學,D 日,2 二專,20,16,4,16,4, -, -, -, -, -, -, -, -, -, -, -, -, -, -,30 臺北市,2 技職
1071,臺北城市科技大學,D 日,5 五專,838,522,316,76,51,108,57,98,63,125,71,95,64, -, -, -, -,20,10,30 臺北市,2 技職
1071,臺北城市科技大學,N 修,B 四技,729,566,163,158,46,129,33,130,37,126,40, -, -, -, -, -, -,23,7,30 臺北市,2 技職
1071,臺北城市科技大學,N 修,C 二技,466,230,236, -, -, -, -,115,118,112,116, -, -, -, -, -, -,3,2,30 臺北市,2 技職
1071,臺北城市科技大學,N 修,2 二專,341,193,148,96,77,90,68, -, -, -, -, -, -, -, -, -, -,7,3,30 臺北市,2 技職
1072,敏實科技大學,D 日,B 四技,348,235,113,64,71,56,12,83,13,17,13, -, -, -, -, -, -,15,4,04 新竹縣,2 技職
1072,敏實科技大學,D 日,5 五專,114,59,55,16,9,7,7,8,9,12,18,14,8, -, -, -, -,2,4,04 新竹縣,2 技職
1072,敏實科技大學,N 修,B 四技,101,49,52,10,19,5,11,17,11,10,8, -, -, -, -, -, -,7,3,04 新竹縣,2 技職
1073,醒吾科技大學,D 日,M 碩士,61,23,38,10,16,6,11,7,11, -, -, -, -, -, -, -, -, -, -,01 新北市,2 技職
1073,醒吾科技大學,D 日,B 四技,"5,259","2,327","2,932",492,667,600,817,596,690,514,681, -, -, -, -, -, -,125,77,01 新北市,2 技職
1073,醒吾科技大學,D 日,5 五專,241,92,149,12,17,19,25,22,29,19,27,18,47, -, -, -, -,2,4,01 新北市,2 技職
1073,醒吾科技大學,N 職,M 碩士,82,39,43,18,25,8,7,3,4, -, -,10,4, -,3, -, -, -, -,01 新北市,2 技職
1073,醒吾科技大學,N 修,B 四技,616,281,335,95,127,55,70,53,44,56,66, -, -, -, -, -, -,22,28,01 新北市,2 技職
1073,醒吾科技大學,N 修,C 二技,356,156,200, -, -, -, -,65,87,86,108, -, -, -, -, -, -,5,5,01 新北市,2 技職
1073,醒吾科技大學,N 修,2 二專,72,35,37,17,25,14,10, -, -, -, -, -, -, -, -, -, -,4,2,01 新北市,2 技職
1075,文藻外語大學,D 日,M 碩士,222,60,162,20,51,19,41,14,39,6,30,1,1, -, -, -, -, -, -,50 高雄市,2 技職
1075,文藻外語大學,D 日,B 四技,"4,428","1,304","3,124",285,627,300,712,312,722,304,846, -, -, -, -, -, -,103,217,50 高雄市,2 技職
1075,文藻外語大學,D 日,C 二技,160,21,139, -, -, -, -,6,48,10,56, -, -, -, -, -, -,5,35,50 高雄市,2 技職
1075,文藻外語大學,D 日,5 五專,"1,785",305,"1,480",66,357,73,324,62,292,54,277,46,211, -, -, -, -,4,19,50 高雄市,2 技職
1075,文藻外語大學,N 職,M 碩士,56,19,37,9,7,4,11,3,9,1,2,1,6, -,2,1, -, -, -,50 高雄市,2 技職
1075,文藻外語大學,N 修,B 四技,"1,155",450,705,59,94,75,119,126,169,106,208, -, -, -, -, -, -,84,115,50 高雄市,2 技職
1075,文藻外語大學,N 修,C 二技,124,26,98, -, -, -, -,12,45,9,38, -, -, -, -, -, -,5,15,50 高雄市,2 技職
1076,華夏科技大學,D 日,M 碩士,30,25,5,7,2,14,1,4,2, -, -, -, -, -, -, -, -, -, -,01 新北市,2 技職
1076,華夏科技大學,D 日,B 四技,"1,041",697,344,94,32,149,63,176,80,210,139, -, -, -, -, -, -,68,30,01 新北市,2 技職
1076,華夏科技大學,D 日,C 二技,57,50,7, -, -, -, -,14,3,28,4, -, -, -, -, -, -,8, -,01 新北市,2 技職
1076,華夏科技大學,D 日,5 五專,517,409,108,59,13,78,23,111,29,68,18,84,25, -, -, -, -,9, -,01 新北市,2 技職
1076,華夏科技大學,N 職,M 碩士,52,39,13,16,2,16,8,4,2,3,1, -, -, -, -, -, -, -, -,01 新北市,2 技職
1076,華夏科技大學,N 修,B 四技,658,379,279,68,59,58,57,150,48,81,104, -, -, -, -, -, -,22,11,01 新北市,2 技職
1076,華夏科技大學,N 修,C 二技,426,263,163, -, -, -, -,118,83,123,79, -, -, -, -, -, -,22,1,01 新北市,2 技職
1076,華夏科技大學,N 修,2 二專,36,4,32, -,17, -,10, -, -, -, -, -, -, -, -, -, -,4,5,01 新北市,2 技職
1077,慈濟科技大學,D 日,M 碩士,80,26,54,12,17,6,14,8,18, -,5, -, -, -, -, -, -, -, -,15 花蓮縣,2 技職
1077,慈濟科技大學,D 日,B 四技,"1,159",445,714,94,144,112,192,98,182,118,188, -, -, -, -, -, -,23,8,15 花蓮縣,2 技職
1077,慈濟科技大學,D 日,C 二技,285,39,246, -, -, -, -,22,122,16,123, -, -, -, -, -, -,1,1,15 花蓮縣,2 技職
1077,慈濟科技大學,D 日,2 二專,20,2,18,2,18, -, -, -, -, -, -, -, -, -, -, -, -, -, -,15 花蓮縣,2 技職
1077,慈濟科技大學,D 日,5 五專,"1,300",184,"1,116",35,215,28,212,44,244,40,227,31,185, -, -, -, -,6,33,15 花蓮縣,2 技職
1077,慈濟科技大學,N 修,B 四技,1,1, -, -, -, -, -, -, -,1, -, -, -, -, -, -, -, -, -,15 花蓮縣,2 技職
1077,慈濟科技大學,N 修,C 二技,174,21,153, -, -, -, -,13,83,7,66, -, -, -, -, -, -,1,4,15 花蓮縣,2 技職
1077,慈濟科技大學,N 修,2 二專,3,3, -, -, -, -, -, -, -, -, -, -, -, -, -, -, -,3, -,15 花蓮縣,2 技職
1078,致理科技大學,D 日,M 碩士,47,11,36,4,18,5,10,2,5, -,3, -, -, -, -, -, -, -, -,01 新北市,2 技職
1078,致理科技大學,D 日,B 四技,"6,439","2,154","4,285",532,977,505,"1,059",524,"1,009",441,"1,061", -, -, -, -, -, -,152,179,01 新北市,2 技職
1078,致理科技大學,D 日,C 二技,212,38,174, -, -, -, -,19,82,18,88, -, -, -, -, -, -,1,4,01 新北市,2 技職
1078,致理科技大學,D 日,5 五專,"1,576",366,"1,210",85,247,64,241,73,254,74,238,65,208, -, -, -, -,5,22,01 新北市,2 技職
1078,致理科技大學,N 職,M 碩士,47,14,33,7,13,4,13,1,3,2,3, -,1, -, -, -, -, -, -,01 新北市,2 技職
1078,致理科技大學,N 修,B 四技,"2,906","1,214","1,692",262,293,255,404,261,409,289,422, -, -, -, -, -, -,147,164,01 新北市,2 技職
1078,致理科技大學,N 修,C 二技,99,28,71, -, -, -, -,28,70, -, -, -, -, -, -, -, -, -,1,01 新北市,2 技職
1079,康寧大學,D 日,M 碩士,2, -,2, -, -, -, -, -,1, -,1, -, -, -, -, -, -, -, -,30 臺北市,1 一般
1079,康寧大學,D 日,B 學士,183,36,147,4,26,11,34,9,41,10,37, -, -, -, -, -, -,2,9,30 臺北市,1 一般
1079,康寧大學,D 日,5 五專,"2,635",599,"2,036",124,443,126,403,129,416,118,347,88,373, -, -, -, -,14,54,30 臺北市,2 技職
1079,康寧大學,N 職,M 碩士,7,4,3, -, -, -, -, -, -,2,2,2,1, -, -, -, -, -, -,30 臺北市,1 一般
1079,康寧大學,N 修,C 二技,186,18,168, -, -, -, -,9,87,9,80, -, -, -, -, -, -, -,1,30 臺北市,2 技職
1079,康寧大學,N 修,2 二專,177,44,133,24,65,20,68, -, -, -, -, -, -, -, -, -, -, -, -,30 臺北市,2 技職
1079,康寧大學,P 進,B 學士,2, -,2, -, -, -, -, -, -, -,2, -, -, -, -, -, -, -, -,30 臺北市,1 一般
1080,宏國德霖科技大學,D 日,M 碩士,56,35,21,7,8,27,12,1,1, -, -, -, -, -, -, -, -, -, -,01 新北市,2 技職
1080,宏國德霖科技大學,D 日,B 四技,"1,726","1,056",670,200,147,219,157,238,146,309,187, -, -, -, -, -, -,90,33,01 新北市,2 技職
1080,宏國德霖科技大學,D 日,C 二技,58,18,40, -, -, -, -,4,17,14,22, -, -, -, -, -, -, -,1,01 新北市,2 技職
1080,宏國德霖科技大學,D 日,5 五專,"1,107",649,458,130,111,157,88,127,92,118,77,98,79, -, -, -, -,19,11,01 新北市,2 技職
1080,宏國德霖科技大學,N 修,B 四技,966,594,372,126,89,121,73,134,72,169,113, -, -, -, -, -, -,44,25,01 新北市,2 技職
1080,宏國德霖科技大學,N 修,C 二技,776,477,299, -, -, -, -,245,149,216,145, -, -, -, -, -, -,16,5,01 新北市,2 技職
1081,東方設計大學,D 日,D 博士,26,11,15,2,3,4,1,2,3, -,4, -,1,1,1,2,2, -, -,12 高雄市,2 技職
1081,東方設計大學,D 日,M 碩士,64,31,33,14,19,11,5,2,5,4,4, -, -, -, -, -, -, -, -,12 高雄市,2 技職
1081,東方設計大學,D 日,B 四技,312,174,138,5,9,7,4,28,26,46,44, -, -, -, -, -, -,88,55,12 高雄市,2 技職
1081,東方設計大學,D 日,C 二技,19,10,9, -, -, -, -,3,5,6,4, -, -, -, -, -, -,1, -,12 高雄市,2 技職
1081,東方設計大學,D 日,5 五專,290,136,154,12,11,10,15,20,43,45,40,41,39, -, -, -, -,8,6,12 高雄市,2 技職
1081,東方設計大學,N 職,M 碩士,24,10,14,5,7,5,4, -,2, -,1, -, -, -, -, -, -, -, -,12 高雄市,2 技職
1081,東方設計大學,N 修,B 四技,33,25,8, -, -, -, -,7,5,12,2, -, -, -, -, -, -,6,1,12 高雄市,2 技職
1081,東方設計大學,N 修,C 二技,134,76,58, -, -, -, -,24,21,32,26, -, -, -, -, -, -,20,11,12 高雄市,2 技職
1081,東方設計大學,N 修,2 二專,48,29,19,8,3,15,10, -, -, -, -, -, -, -, -, -, -,6,6,12 高雄市,2 技職
1082,崇右影藝科技大學,D 日,M 碩士,44,25,19,6,9,6,5,6,4,6,1,1, -, -, -, -, -, -, -,17 基隆市,2 技職
1082,崇右影藝科技大學,D 日,B 四技,"1,314",582,732,142,149,97,149,86,140,196,268, -, -, -, -, -, -,61,26,17 基隆市,2 技職
1082,崇右影藝科技大學,N 修,C 二技,4,3,1, -, -, -, -, -, -, -, -, -, -, -, -, -, -,3,1,17 基隆市,2 技職
1082,崇右影藝科技大學,N 修,2 二專,2,1,1, -, -, -, -, -, -, -, -, -, -, -, -, -, -,1,1,17 基隆市,2 技職
1083,台北海洋科技大學,D 日,M 碩士,143,87,56,47,26,28,24,7,1,4,5,1, -, -, -, -, -, -, -,01 新北市,2 技職
1083,台北海洋科技大學,D 日,B 四技,"2,092","1,193",899,324,249,323,212,191,178,245,208, -, -, -, -, -, -,110,52,01 新北市,2 技職
1083,台北海洋科技大學,D 日,C 二技,170,121,49, -, -, -, -,53,19,60,28, -, -, -, -, -, -,8,2,01 新北市,2 技職
1083,台北海洋科技大學,D 日,2 二專,32,31,1,10, -,21,1, -, -, -, -, -, -, -, -, -, -, -, -,01 新北市,2 技職
1083,台北海洋科技大學,D 日,5 五專,607,370,237,90,32,72,58,74,39,79,55,40,47, -, -, -, -,15,6,01 新北市,2 技職
1083,台北海洋科技大學,N 修,B 四技,242,101,141,33,60,28,28,16,36,21,14, -, -, -, -, -, -,3,3,01 新北市,2 技職
1083,台北海洋科技大學,N 修,C 二技,599,270,329, -, -, -, -,148,182,121,142, -, -, -, -, -, -,1,5,01 新北市,2 技職
1083,台北海洋科技大學,N 修,2 二專,122,113,9,71,6,37,3, -, -, -, -, -, -, -, -, -, -,5, -,01 新北市,2 技職
1084,亞東科技大學,D 日,M 碩士,53,39,14,18,6,12,4,8,2,1,2, -, -, -, -, -, -, -, -,01 新北市,2 技職
1084,亞東科技大學,D 日,B 四技,"3,537","2,566",971,548,200,584,233,642,251,669,267, -, -, -, -, -, -,123,20,01 新北市,2 技職
1084,亞東科技大學,D 日,C 二技,180,13,167, -, -, -, -,8,85,5,82, -, -, -, -, -, -, -, -,01 新北市,2 技職
1084,亞東科技大學,N 修,C 二技,151,4,147, -, -, -, -,4,44, -,52, -,50, -, -, -, -, -,1,01 新北市,2 技職
1125,中信金融管理學院,D 日,M 碩士,107,50,57,32,30,13,19,5,8, -, -, -, -, -, -, -, -, -, -,21 臺南市,1 一般
1125,中信金融管理學院,D 日,B 學士,776,457,319,103,98,147,79,104,81,95,59, -, -, -, -, -, -,8,2,21 臺南市,1 一般
1125,中信金融管理學院,N 職,M 碩士,42,25,17,21,9,4,8, -, -, -, -, -, -, -, -, -, -, -, -,21 臺南市,1 一般
1148,大漢技術學院,D 日,M 碩士,77,47,30,20,10,16,15,11,5, -, -, -, -, -, -, -, -, -, -,15 花蓮縣,2 技職
1148,大漢技術學院,D 日,B 四技,141,83,58,12,7,15,10,22,15,28,20, -, -, -, -, -, -,6,6,15 花蓮縣,2 技職
1148,大漢技術學院,N 修,B 四技,285,175,110,44,36,37,25,52,22,34,20, -, -, -, -, -, -,8,7,15 花蓮縣,2 技職
1148,大漢技術學院,N 修,C 二技,189,108,81, -, -, -, -,55,37,51,39, -, -, -, -, -, -,2,5,15 花蓮縣,2 技職
1148,大漢技術學院,N 修,2 二專,92,40,52,14,27,25,25, -, -, -, -, -, -, -, -, -, -,1, -,15 花蓮縣,2 技職
1159,和春技術學院,D 日,B 四技,24,19,5, -, -, -, -,7,1,9,2, -, -, -, -, -, -,3,2,12 高雄市,2 技職
1159,和春技術學院,D 日,5 五專,8,6,2, -, -, -, -, -, -,3, -,2,2, -, -, -, -,1, -,12 高雄市,2 技職
1159,和春技術學院,N 修,B 四技,19,16,3, -, -, -, -,6, -,7,2, -, -, -, -, -, -,3,1,12 高雄市,2 技職
1159,和春技術學院,N 修,C 二技,11,9,2, -, -, -, -, -, -, -, -, -, -, -, -, -, -,9,2,12 高雄市,2 技職
1159,和春技術學院,N 修,2 二專,7,5,2, -, -, -, -, -, -, -, -, -, -, -, -, -, -,5,2,12 高雄市,2 技職
1168,南亞技術學院,D 日,M 碩士,4,3,1, -, -, -, -,1, -,2,1, -, -, -, -, -, -, -, -,03 桃園市,2 技職
1168,南亞技術學院,D 日,B 四技,"1,067",728,339,179,52,119,66,180,96,206,100, -, -, -, -, -, -,44,25,03 桃園市,2 技職
1168,南亞技術學院,D 日,5 五專,132,76,56, -, -,20,10,12,14,22,11,15,20, -, -, -, -,7,1,03 桃園市,2 技職
1168,南亞技術學院,N 修,B 四技,287,165,122,29,34,24,25,29,30,69,27, -, -, -, -, -, -,14,6,03 桃園市,2 技職
1168,南亞技術學院,N 修,C 二技,827,210,617, -, -, -, -,124,303,77,305, -, -, -, -, -, -,9,9,03 桃園市,2 技職
1168,南亞技術學院,N 修,2 二專,3,2,1, -, -, -, -, -, -, -, -, -, -, -, -, -, -,2,1,03 桃園市,2 技職
1183,黎明技術學院,D 日,B 四技,"3,393","1,738","1,655",423,425,371,410,390,367,425,368, -, -, -, -, -, -,129,85,01 新北市,2 技職
1183,黎明技術學院,D 日,5 五專,353,285,68,67,16,62,14,58,16,42,10,47,10, -, -, -, -,9,2,01 新北市,2 技職
1183,黎明技術學院,N 修,B 四技,"1,268",853,415,306,143,169,78,165,89,170,94, -, -, -, -, -, -,43,11,01 新北市,2 技職
1183,黎明技術學院,N 修,C 二技,47,11,36, -, -, -, -,8,22,3,14, -, -, -, -, -, -, -, -,01 新北市,2 技職
1185,經國管理暨健康學院,D 日,M 碩士,39,3,36,2,18, -,15,1,3, -, -, -, -, -, -, -, -, -, -,17 基隆市,2 技職
1185,經國管理暨健康學院,D 日,B 四技,"1,445",538,907,136,218,83,162,92,162,176,293, -, -, -, -, -, -,51,72,17 基隆市,2 技職
1185,經國管理暨健康學院,D 日,C 二技,128,12,116, -, -, -, -,5,47,7,66, -, -, -, -, -, -, -,3,17 基隆市,2 技職
1185,經國管理暨健康學院,D 日,5 五專,959,243,716,47,139,50,161,39,139,49,108,49,126, -, -, -, -,9,43,17 基隆市,2 技職
1185,經國管理暨健康學院,N 職,M 碩士,41,13,28,6,14,5,10,1,3,1, -, -, -, -,1, -, -, -, -,17 基隆市,2 技職
1185,經國管理暨健康學院,N 修,C 二技,857,154,703, -, -, -, -,60,304,85,376, -, -, -, -, -, -,9,23,17 基隆市,2 技職
1185,經國管理暨健康學院,N 修,2 二專,190,27,163,10,81,15,74, -, -, -, -, -, -, -, -, -, -,2,8,17 基隆市,2 技職
1188,大同技術學院,D 日,B 四技,178,87,91, -, -,20,23,21,20,22,38, -, -, -, -, -, -,24,10,20 嘉義市,2 技職
1188,大同技術學院,D 日,5 五專,46,23,23, -, -,1,4,13,7,4,3,3,8, -, -, -, -,2,1,20 嘉義市,2 技職
1188,大同技術學院,N 修,B 四技,111,32,79, -, -,7,32,10,22,12,24, -, -, -, -, -, -,3,1,20 嘉義市,2 技職
1188,大同技術學院,N 修,C 二技,118,20,98, -, -, -, -, -, -,18,94, -, -, -, -, -, -,2,4,20 嘉義市,2 技職
1188,大同技術學院,N 修,2 二專,19,13,6, -, -,13,6, -, -, -, -, -, -, -, -, -, -, -, -,20 嘉義市,2 技職
1195,馬偕醫學院,D 日,D 博士,10,10, -,2, -,3, -,3, -,2, -, -, -, -, -, -, -, -, -,01 新北市,1 一般
1195,馬偕醫學院,D 日,M 碩士,63,22,41,10,14,6,14,5,8,1,5, -, -, -, -, -, -, -, -,01 新北市,1 一般
1195,馬偕醫學院,D 日,B 學士,704,258,446,40,94,57,110,60,92,43,109,27,17,25,20, -, -,6,4,01 新北市,1 一般
1195,馬偕醫學院,N 職,M 碩士,31,6,25,3,9,1,11,2,5, -, -, -, -, -, -, -, -, -, -,01 新北市,1 一般
1195,馬偕醫學院,N 修,C 二技,54, -,54, -, -, -, -, -,16, -,37, -, -, -, -, -, -, -,1,01 新北市,2 技職
1196,法鼓文理學院,D 日,D 博士,20,8,12,1,2,1,1,3,1,1,1,2,2, -,1, -,4, -, -,01 新北市,1 一般
1196,法鼓文理學院,D 日,M 碩士,261,63,198,20,53,10,55,14,47,19,43, -, -, -, -, -, -, -, -,01 新北市,1 一般
1196,法鼓文理學院,D 日,B 學士,57,25,32,9,10,5,6,7,2,4,12, -, -, -, -, -, -, -,2,01 新北市,1 一般
1282,馬偕醫護管理專科學校,D 日,5 五專,"3,873",514,"3,359",127,734,132,695,94,644,70,602,62,604, -, -, -, -,29,80,30 臺北市,2 技職
1282,馬偕醫護管理專科學校,N 修,2 二專,145,71,74,35,42,36,32, -, -, -, -, -, -, -, -, -, -, -, -,30 臺北市,2 技職
1283,仁德醫護管理專科學校,D 日,5 五專,"5,782","1,308","4,474",274,844,256,858,295,912,199,800,183,792, -, -, -, -,101,268,05 苗栗縣,2 技職
1283,仁德醫護管理專科學校,N 修,2 二專,374,182,192,105,125,71,65, -, -, -, -, -, -, -, -, -, -,6,2,05 苗栗縣,2 技職
1284,樹人醫護管理專科學校,D 日,5 五專,"6,727","1,408","5,319",271,"1,169",325,"1,066",263,"1,118",240,938,241,893, -, -, -, -,68,135,12 高雄市,2 技職
1284,樹人醫護管理專科學校,N 修,2 二專,547,274,273,99,118,104,99,37,36,28,19, -, -, -, -, -, -,6,1,12 高雄市,2 技職
1285,慈惠醫護管理專科學校,D 日,2 二專,84,19,65,9,25,6,32, -, -, -, -, -, -, -, -, -, -,4,8,13 屏東縣,2 技職
1285,慈惠醫護管理專科學校,D 日,5 五專,"2,461",506,"1,955",75,234,87,321,92,381,97,421,121,448, -, -, -, -,34,150,13 屏東縣,2 技職
1285,慈惠醫護管理專科學校,N 修,2 二專,203,77,126,23,47,27,55,6,10,12,4, -, -, -, -, -, -,9,10,13 屏東縣,2 技職
1286,耕莘健康管理專科學校,D 日,5 五專,"4,117",399,"3,718",68,728,84,698,76,686,58,680,77,703, -, -, -, -,36,223,01 新北市,2 技職
1286,耕莘健康管理專科學校,N 修,2 二專,97,6,91,2,40,4,50, -, -, -, -, -, -, -, -, -, -, -,1,01 新北市,2 技職
1287,敏惠醫護管理專科學校,D 日,5 五專,"3,726",484,"3,242",83,575,102,645,110,662,89,609,78,623, -, -, -, -,22,128,11 臺南市,2 技職
1287,敏惠醫護管理專科學校,N 修,2 二專,71,23,48,9,27,13,20, -, -, -, -, -, -, -, -, -, -,1,1,11 臺南市,2 技職
1289,育英醫護管理專科學校,D 日,5 五專,"1,891",206,"1,685",32,335,38,331,43,344,47,289,35,308, -, -, -, -,11,78,50 高雄市,2 技職
1291,聖母醫護管理專科學校,D 日,2 二專,15,9,6, -, -,9,6, -, -, -, -, -, -, -, -, -, -, -, -,02 宜蘭縣,2 技職
1291,聖母醫護管理專科學校,D 日,5 五專,"1,577",240,"1,337",29,224,45,263,48,260,54,285,57,266, -, -, -, -,7,39,02 宜蘭縣,2 技職
1291,聖母醫護管理專科學校,N 修,2 二專,44,23,21,14,10,8,11, -, -, -, -, -, -, -, -, -, -,1, -,02 宜蘭縣,2 技職
1292,新生醫護管理專科學校,D 日,5 五專,"5,915",703,"5,212",149,"1,072",143,"1,101",157,"1,060",119,945,112,918, -, -, -, -,23,116,03 桃園市,2 技職
1292,新生醫護管理專科學校,N 修,2 二專,75,10,65,8,35,2,30, -, -, -, -, -, -, -, -, -, -, -, -,03 桃園市,2 技職
1293,崇仁醫護管理專科學校,D 日,5 五專,"3,051",431,"2,620",82,511,106,493,90,519,71,549,68,507, -, -, -, -,14,41,10 嘉義縣,2 技職
3002,臺北市立大學,D 日,D 博士,211,95,116,16,17,15,17,14,21,14,16,12,12,6,8,18,25, -, -,30 臺北市,1 一般
3002,臺北市立大學,D 日,M 碩士,"1,342",414,928,116,276,124,249,65,170,65,129,18,51,26,53, -, -, -, -,30 臺北市,1 一般
3002,臺北市立大學,D 日,B 學士,"5,287","2,332","2,955",584,684,538,706,544,717,513,724, -, -, -, -, -, -,153,124,30 臺北市,1 一般
3002,臺北市立大學,N 職,M 碩士,"1,191",328,863,112,268,90,254,51,125,32,117,25,51,18,48, -, -, -, -,30 臺北市,1 一般
